time,open,high,low,close,Volume
1557093600,7865,7865,7668.75,7803.5,91921
1557180000,7745.25,7804,7581.5,7674,159356
1557266400,7668.5,7697.75,7600.75,7647.5,174381
1557352800,7640,7644.25,7481.25,7595.25,181633
1557439200,7592,7653.5,7435.5,7610.25,165887
1557698400,7601,7601,7304.75,7314.75,150689
1557784800,7315.25,7459.5,7286,7421,88949
1557871200,7427,7538.5,7353.75,7529.25,104030
1557957600,7517,7641.25,7473.25,7600.25,123439
1558044000,7598,7619.75,7506.5,7511.5,177353
1558303200,7512.75,7559.5,7361.5,7391.75,204873
1558389600,7406,7485.25,7400.75,7464,149067
1558476000,7459.25,7474.75,7391,7430,120572
1558562400,7427.75,7434.5,7268.25,7311,233141
1558648800,7316.75,7379.5,7296.75,7315.5,137333
1558908000,7314.75,7371.5,7280.75,7295.25,171179
1559080800,7290.75,7296,7183.25,7216,208278
1559167200,7211.75,7271.25,7208.75,7255.25,149510
1559253600,7253.5,7256,7129.5,7133.5,201659
1559512800,7114.75,7132.5,6940.5,6993.75,269577
1559599200,7008.25,7187.25,6981.5,7179.25,204238
1559685600,7188.25,7245.25,7150,7228.5,195056
1559772000,7220.5,7299.5,7180.75,7282.25,153720
1559858400,7265.5,7452.5,7258,7419.5,168532
1560117600,7461.25,7578.25,7431.5,7515.5,160173
1560204000,7516,7601,7492.5,7518.25,145223
1560290400,7519,7531,7461,7473.25,109633
1560376800,7477,7536,7421.5,7522.75,114951
1560463200,7509.75,7521,7451.75,7478.25,59373
1560722400,7483.75,7550.75,7480.75,7534.25,17664
1560808800,7568.25,7721.75,7541.25,7673.5,150048
1560895200,7667.25,7713.5,7630,7702,123393
1560981600,7701.75,7820.75,7693.25,7772.75,133323
1561068000,7765,7803.5,7725.75,7751.5,187707
1561327200,7744,7794,7716.75,7758.75,101019
1561413600,7754.75,7779.75,7609.5,7628.75,184586
1561500000,7635.5,7719,7616,7650,158386
1561586400,7642,7716.75,7642,7690.5,121969
1561672800,7686.5,7726,7664.25,7693.75,128473
1561932000,7750.25,7850.25,7750.25,7790,170785
1562018400,7794.5,7843.25,7762.75,7838.25,135661
1562104800,7842.5,7893,7824.75,7887.5,88853
1562191200,7888.5,7909.25,7797,7851.5,176026
1562536800,7855,7864.25,7777.75,7801,126114
1562623200,7802,7858.75,7743.25,7845.25,176786
1562709600,7847.5,7949.5,7811.5,7928.75,240034
1562796000,7924.75,7963.25,7894.25,7918.75,242410
1562882400,7915.75,7967.75,7912,7960,167822
1563141600,7956.25,7992,7941.25,7986.75,156861
1563228000,7983.25,8001.5,7924,7942.75,190916
1563314400,7937.5,7966.5,7868.25,7885.5,189309
1563400800,7868,7954.75,7833,7933.5,260130
1563487200,7950,7980.5,7815,7842.75,271517
1563746400,7826.75,7936.25,7825.5,7924.75,220798
1563832800,7928,7985.75,7908.25,7983.75,234497
1563919200,7945,8051.75,7925.75,8038,200968
1564005600,8003.75,8034.25,7917.25,7981.75,293063
1564092000,7991,8040.5,7987.75,8019.75,185702
1564351200,8015.5,8031.75,7951.5,8001.25,141883
1564437600,8002.25,8019.75,7928.25,7963.25,180821
1564524000,7990.75,8001.75,7782,7866.75,309747
1564610400,7835,8014.5,7777,7808.25,427662
1564696800,7796.25,7805.5,7650,7702.25,335463
1564956000,7706,7706,7359.75,7385.25,380437
1565042400,7352,7548.75,7225,7515.5,394039
1565128800,7514.5,7577.25,7387.75,7553.25,441870
1565215200,7550.25,7738.5,7526.25,7735.75,306070
1565301600,7714,7724,7596.75,7660.25,336370
1565560800,7654,7709.75,7534.75,7566.75,290029
1565647200,7569.25,7789.25,7513.75,7748,314303
1565733600,7749.5,7767.5,7477.25,7488.75,448720
1565820000,7477.25,7573.25,7388.5,7496.25,474072
1565906400,7511.25,7632.25,7502.25,7611.75,281103
1566165600,7615,7750.25,7613,7727.5,171823
1566252000,7720,7752.5,7655.5,7668,201907
1566338400,7657.5,7765.75,7651.5,7750.25,146409
1566424800,7757,7782.25,7653.75,7711.25,214428
1566511200,7704.25,7762,7448,7504.5,357710
1566770400,7454,7626,7311.75,7590.5,237456
1566856800,7590.5,7648.75,7536.75,7562.75,252969
1566943200,7568.5,7605.75,7503.75,7599.25,219514
1567029600,7583.25,7730.25,7548.5,7712,178115
1567116000,7705.75,7770.25,7646,7690.75,186863
1567375200,7644,7695.75,7581.5,7617.5,288620
1567548000,7617.5,7729.75,7608.25,7722.75,183844
1567634400,7720.25,7886.5,7717.75,7855.5,194788
1567720800,7853.25,7895.5,7838.5,7857.75,151663
1567980000,7858.25,7887.25,7798.5,7830.75,138383
1568066400,7833,7857.75,7744.25,7815,193189
1568152800,7818.25,7899.75,7786.5,7889.75,152493
1568239200,7892,7982,7886.75,7921.5,183512
1568325600,7915.75,7958.25,7881.25,7886,43357
1568584800,7864.25,7873.25,7776.5,7856.5,24778
1568671200,7886.75,7921.5,7850.5,7914.5,120307
1568757600,7913.5,7929,7813.25,7918,134056
1568844000,7922,7974,7852.75,7918,155371
1568930400,7919.5,7952.25,7811.25,7830.5,171441
1569189600,7834.5,7897,7807.75,7850.5,150436
1569276000,7866.5,7904.25,7701.75,7735.25,249773
1569362400,7735.25,7844.25,7663.75,7820.25,229505
1569448800,7822,7842.5,7735,7787.25,212869
1569535200,7787,7822,7640.75,7701.25,259467
1569794400,7727.75,7788.75,7705.5,7770.5,205146
1569880800,7781,7841.5,7691,7695.5,271074
1569967200,7710.75,7730.5,7525.5,7546.25,340691
1570053600,7559.5,7660,7474.75,7658.5,321156
1570140000,7659.5,7773.75,7616.25,7767.25,230569
1570399200,7733.25,7799.75,7698.75,7740,202812
1570485600,7740,7784.5,7613.25,7622,256301
1570572000,7622.5,7731.75,7605,7699.75,185053
1570658400,7702,7798.25,7583,7760.25,210453
1570744800,7783.25,7918.25,7767,7859,234411
1571004000,7853.5,7894.5,7807,7857.5,146651
1571090400,7858.75,7971.75,7858.75,7959.75,164287
1571176800,7961.25,7961.25,7907.75,7948.5,169205
1571263200,7954,7994.75,7922.75,7952.75,164252
1571349600,7951.25,7958.25,7835.5,7880.75,191999
1571608800,7875.75,7951.25,7865,7948.25,158512
1571695200,7948.25,7988.5,7837.5,7858.75,192669
1571781600,7850,7918,7810.5,7901.5,202974
1571868000,7920,7985,7912.75,7928.25,190437
1571954400,7929.5,8041.5,7918.25,8035.75,186376
1572213600,8048,8126.75,8048,8094.75,147786
1572300000,8106,8119,8050.5,8055.25,175581
1572386400,8056.75,8142,8020.75,8111.25,189949
1572472800,8127.25,8139,8046,8090.25,241429
1572559200,8093,8167.75,8084.75,8160.25,166620
1572822000,8164,8233.75,8164,8215.75,170919
1572908400,8218.25,8248.25,8193.25,8210.75,172075
1572994800,8209.25,8228,8161.25,8207.25,161727
1573081200,8213.25,8282.25,8190.25,8230.5,152067
1573167600,8230,8264.25,8190.25,8257.25,144141
1573426800,8258.5,8262,8206.5,8249.75,96307
1573513200,8250.25,8300,8228.75,8275,151083
1573599600,8271.25,8281.75,8220,8265.75,172522
1573686000,8265,8285.25,8216.5,8265.5,162036
1573772400,8266.5,8323.75,8261.5,8318.75,140190
1574031600,8319.5,8366,8279.25,8333.5,171339
1574118000,8335.75,8379.75,8312.75,8341.5,166198
1574204400,8334.5,8348,8230.75,8291.75,236489
1574290800,8277.5,8307.75,8239.5,8274.5,210203
1574377200,8279,8313.25,8233.25,8280.5,159008
1574636400,8287.5,8379.75,8287.5,8376.5,108031
1574722800,8372.5,8421,8366.5,8400.75,129610
1574809200,8400.75,8458.75,8397.25,8454.75,116333
1574895600,8455.25,8458,8406.25,8417.5,124151
1575241200,8424,8456.75,8276,8316,256760
1575327600,8308,8337.25,8168.5,8251.25,300847
1575414000,8257.75,8319.5,8220.75,8295.25,201705
1575500400,8295,8340,8273.25,8309.25,197413
1575586800,8310,8409.25,8307.5,8400.25,130553
1575846000,8401.5,8427.25,8346.25,8356,129508
1575932400,8353.75,8398.25,8297,8363.75,196892
1576018800,8365.25,8410.75,8345,8405.5,132490
1576105200,8406,8497,8381,8465.25,236552
1576191600,8480,8523,8436,8494,60846
1576450800,8507.25,8588.25,8503,8576,13476
1576537200,8606,8626.25,8592.75,8605.25,110444
1576623600,8601,8641,8595.25,8620.75,95252
1576710000,8624,8682.75,8608.5,8673.5,102284
1576796400,8680,8724.75,8665.5,8710.75,123794
1577055600,8710.25,8743.5,8705,8726.5,77526
1577142000,8728,8736,8707.5,8729.5,35284
1577314800,8730,8805.75,8726,8804.25,55201
1577401200,8800,8843.25,8769.75,8783.25,131074
1577660400,8780.5,8809.75,8691,8733.75,169106
1577746800,8732,8772,8692.25,8752.25,114101
1577919600,8773,8901.5,8769.25,8891.75,170427
1578006000,8898,8907.75,8735.25,8810,315021
1578265200,8784.5,8872.5,8723,8847.5,222836
1578351600,8851.75,8894.5,8825,8853,225651
1578438000,8843,8972.5,8678.25,8944.5,418958
1578524400,8948.5,9022.25,8932.5,9009,241968
1578610800,9008.5,9055.25,8966.5,8978.25,234117
1578870000,8978.75,9096.5,8978.75,9088.25,171086
1578956400,9088.5,9114.75,9035,9062.5,269889
1579042800,9062.5,9096,9023,9060,219772
1579129200,9060.5,9140.25,9060.5,9133.5,174720
1579215600,9136.5,9189.25,9130,9174.5,173151
1579474800,9173.75,9199.75,9114.5,9169.75,231339
1579647600,9179,9254,9174.5,9195.75,194469
1579734000,9189.25,9253.75,9151.75,9248.25,240100
1579820400,9251,9287.5,9109.75,9144.5,328265
1580079600,9098.25,9098.25,8926,8954.5,397684
1580166000,8954,9136,8952.5,9105.25,308357
1580252400,9120.75,9158.75,9072.25,9098.5,304702
1580338800,9110.5,9240,9003.75,9216.25,395487
1580425200,9226.5,9249,8965,8997.75,572538
1580684400,8983.75,9155.75,8975,9114.25,299110
1580770800,9100.25,9369,9073.25,9355,275081
1580857200,9355.5,9464.25,9318.25,9381.5,329456
1580943600,9392,9463.5,9363,9455.5,256235
1581030000,9464.5,9477,9385,9409.5,277711
1581289200,9401.25,9531.75,9330.75,9527.5,267050
1581375600,9523,9609.5,9501.5,9527.25,259695
1581462000,9536,9628,9524.25,9625.75,213060
1581548400,9621.25,9644.75,9511.25,9613,293357
1581634800,9625.25,9659.25,9588.25,9632.25,228903
1581894000,9632,9687.25,9534,9636,309382
1582066800,9642.5,9748.75,9640.5,9733.5,191918
1582153200,9740,9763,9516.25,9624.25,483963
1582239600,9618.25,9623.5,9411.5,9458,460827
1582498800,9365.75,9365.75,9041,9091,719389
1582585200,9092.75,9224.5,8810,8854.25,887827
1582671600,8867.5,9037.75,8709.25,8850.25,919640
1582758000,8817.5,8878.25,8334,8382.75,1136729
1582844400,8353.75,8575,8124.25,8454,1564102
1583103600,8376.25,8883,8248.5,8791.25,1051883
1583190000,8830.25,9003,8510.75,8582.5,1080653
1583276400,8559,8950,8507.25,8896.5,703433
1583362800,8889.75,8899.75,8610.75,8648.75,721573
1583449200,8675.5,8726,8312,8503.25,857805
1583704800,8418.25,8418.25,7801,7951.5,579631
1583791200,7894.5,8380,7815.5,8331.5,1008309
1583877600,8324.25,8334.5,7892.75,8003.5,881797
1583964000,7999,8108.25,7131.75,7215.25,1087706
1584050400,7167.75,7980,6942.5,7915.75,263618
1584309600,7900.5,7902.25,6926.75,7057.5,117171
1584396000,7054,7537,6931.25,7392.25,923419
1584482400,7343.5,7379.75,6810,7205.5,659670
1584568800,7235.5,7502,6874.75,7273.5,1032045
1584655200,7183,7629,6890.5,6969,949629
1584914400,6852.75,7319.25,6628.75,6984.5,918254
1585000800,7005.25,7572.75,7005.25,7554.75,737637
1585087200,7550.75,7762.25,7372.5,7467.75,914507
1585173600,7486,7893.5,7310,7844,817178
1585260000,7875.5,7900.25,7551,7568.5,714587
1585519200,7446.25,7884.75,7391.25,7854.75,638604
1585605600,7855.25,7995,7747.25,7786.25,638489
1585692000,7771.75,7778.75,7403.75,7438.75,628469
1585778400,7473,7656.5,7375.5,7627.25,752413
1585864800,7624.5,7660.5,7423.5,7522.75,514780
1586124000,7531,8099,7531,8029.75,519762
1586210400,8034.25,8303.75,7947.75,8012,728192
1586296800,8012.75,8242,7953,8189.75,611343
1586383200,8193.75,8327,8102,8227.5,640194
1586728800,8276,8337.75,8075,8327.25,442775
1586815200,8335.75,8708.5,8319,8692.5,452894
1586901600,8705.75,8706,8486.5,8594,496023
1586988000,8577.75,8842.75,8500.5,8734.25,591051
1587074400,8879.75,8967.75,8689,8809,578506
1587333600,8800.75,8846,8686.25,8692,512401
1587420000,8698.25,8763,8342,8431.75,756967
1587506400,8444.75,8699.25,8399.5,8638,511968
1587592800,8634.25,8787,8582.25,8598.75,502851
1587679200,8587,8804,8498,8769,455864
1587938400,8766.75,8898,8728.75,8824.25,432329
1588024800,8818.5,8946,8654.25,8719.75,568433
1588111200,8757.75,9119.25,8733.5,9036.5,550987
1588197600,9109.75,9144.75,8856,8988.5,638640
1588284000,8847.25,8878.5,8671.75,8718,521789
1588543200,8654.25,8827.5,8556.75,8795.5,531885
1588629600,8805.5,9019.75,8796.75,8924.25,515262
1588716000,8930,9056.5,8877.75,8952,561342
1588802400,8949.75,9126,8930,9107.75,503951
1588888800,9115,9238,9102.75,9218.25,453878
1589148000,9199,9338.75,9118.75,9279,575017
1589234400,9281.25,9345.75,9040.25,9078.25,680169
1589320800,9047.75,9202.5,8878.25,8992.25,954303
1589407200,9011.5,9105,8846.5,9079.5,852451
1589493600,9085.75,9148.75,8925.25,9096.5,805229
1589752800,9121.5,9361.5,9110,9325.5,557059
1589839200,9317,9417.25,9283,9300.75,642706
1589925600,9291,9497.75,9273.25,9485.5,533057
1590012000,9496.25,9510.5,9352.25,9355.75,641920
1590098400,9361,9422.75,9241.25,9406.25,602885
1590357600,9404.5,9604,9373,9406.5,742940
1590530400,9409.75,9508,9173.25,9432.5,765863
1590616800,9437,9565.5,9320.5,9460.25,783024
1590703200,9454.75,9590.5,9372,9560.25,885086
1590962400,9541,9606,9450,9595,547341
1591048800,9589,9669.75,9505,9647.75,564461
1591135200,9657,9728.25,9635.25,9684.75,502427
1591221600,9684,9742.5,9572.5,9626.25,580279
1591308000,9642.25,9846.75,9602,9808.5,554626
1591567200,9819,9901,9746.75,9884.75,436570
1591653600,9887.25,10007.5,9811.5,9951,539628
1591740000,9960,10155.5,9957.5,10087.25,626919
1591826400,10086.25,10107,9584.5,9616.75,1077900
1591912800,9618,9849,9495,9645,562175
1592172000,9540.25,9817,9381,9800.5,291800
1592258400,9800.5,10002.25,9786,9961.5,668610
1592344800,9951,10047.5,9915,9983,448378
1592431200,9983,10029.25,9867,9983,469684
1592517600,9985,10112.5,9912.75,9923.5,523577
1592776800,9884.5,10134.5,9841.25,10124.75,408045
1592863200,10120.5,10296,9972.5,10196,510909
1592949600,10183.5,10241.75,9927.25,10010.75,686824
1593036000,10005.75,10107.25,9885.5,10088.25,666554
1593122400,10088,10120.5,9824,9865.5,666019
1593381600,9796.5,9997.25,9729,9973.75,584700
1593468000,9984,10171.5,9940,10147.25,494716
1593554400,10141,10309,10075.75,10268.75,452933
1593640800,10256.25,10422.5,10247.75,10355.75,421788
1593727200,10334,10614.25,10334,10598.5,610373
1594072800,10599,10694.5,10506,10532.25,562333
1594159200,10527.75,10673.25,10505.25,10662.25,567004
1594245600,10674,10774.25,10560.25,10727.5,661262
1594332000,10727.5,10847.25,10625.5,10837.25,607021
1594591200,10847.5,11058.25,10562,10600,822836
1594677600,10601.25,10693,10358.75,10646.25,1155362
1594764000,10686.5,10766.5,10551.5,10683.25,845839
1594850400,10692.75,10698.5,10475.5,10511.75,787591
1594936800,10534,10669,10523.5,10622.5,560081
1595196000,10622,10964,10545.5,10951,564419
1595282400,10952.25,11057.75,10784.75,10851,721648
1595368800,10850.5,10916.25,10761.75,10804.25,650917
1595455200,10849.75,10938.5,10514.5,10548.25,827513
1595541600,10566.25,10597.75,10301.25,10459,894230
1595800800,10488.25,10684.25,10400.5,10675.25,663644
1595887200,10683,10758.5,10513.75,10540,716565
1595973600,10557.75,10699.75,10512,10674.25,547350
1596060000,10699.5,10896.5,10502.75,10794,820359
1596146400,10905,10939.25,10691,10890.5,900180
1596405600,10928.75,11073,10876.25,11044.25,530798
1596492000,11052.5,11094.75,10982.75,11086,657879
1596578400,11079.25,11143.5,11055.75,11091.75,466620
1596664800,11093.5,11271.5,11051.5,11261.25,623322
1596751200,11260.25,11283.25,11035.25,11122.75,756398
1597010400,11140,11159.25,10928.5,11072,615293
1597096800,11072.5,11157.5,10845.25,10878.5,727011
1597183200,10923.25,11184.5,10878.25,11126,632682
1597269600,11115.75,11265.75,11094.25,11175.25,607227
1597356000,11181,11237.25,11096,11133.75,567136
1597615200,11145.25,11300.5,11145,11286.75,375239
1597701600,11285.25,11415,11268.5,11409.25,491423
1597788000,11413.5,11444.75,11298.75,11332,597398
1597874400,11327.5,11496.5,11221.5,11477.25,529487
1597960800,11479,11573.5,11407,11562,513368
1598220000,11580,11722.5,11528.25,11636.25,667533
1598306400,11634.75,11744.25,11574.75,11726.25,564195
1598392800,11739.25,12002,11726.5,11991.25,636184
1598479200,11983.75,12046.25,11834.5,11952.75,894371
1598565600,11951.75,12018,11920.25,11991.75,650847
1598824800,12003,12165,11988.25,12114,668466
1598911200,12109,12330,12093,12312.5,684199
1598997600,12326.75,12466,12172.25,12411.5,1182885
1599084000,12408.25,12438.5,11658.25,11800.5,1864033
1599170400,11748.75,11843.25,11141.25,11548.75,1646516
1599429600,11531.5,11585.5,11041.5,11060.5,1730999
1599602400,11014.25,11478.75,10935,11392.75,998417
1599688800,11374.75,11567,11087.75,11178.25,1132804
1599775200,11187.25,11356.75,10937.5,11061.5,685406
1600034400,11094.75,11362.25,11094.75,11280.5,288165
1600120800,11262.5,11481.5,11233.5,11450.25,484481
1600207200,11450.25,11536.75,11223.25,11255,654202
1600293600,11257,11289.5,10903.5,11075.25,1022662
1600380000,11069,11162.5,10742,10927,1058853
1600639200,10927,11010,10656.75,10989,1228173
1600725600,10972.75,11192.25,10897.25,11149.5,908037
1600812000,11160.25,11222.5,10786,10829,1005442
1600898400,10803.25,11011.75,10657.75,10891.75,1190282
1600984800,10910.75,11169,10813.75,11136.5,886317
1601244000,11140,11404.5,11136,11394.75,687584
1601330400,11388.5,11449,11289.75,11337.75,641939
1601416800,11321.25,11525.25,11167.5,11407.25,922780
1601503200,11372.25,11598.75,11372.25,11574.75,739364
1601589600,11567.75,11604.75,11205,11233.25,1158401
1601848800,11285.25,11496.75,11268,11469.25,635347
1601935200,11475,11524.25,11197.5,11273.75,1003949
1602021600,11217.25,11507.5,11208.5,11470,672177
1602108000,11474.5,11578.25,11470,11539,588811
1602194400,11561,11740,11553,11724.75,495693
1602453600,11728.75,12197,11691.75,12098.25,915877
1602540000,12098.75,12249,12018,12094,1029928
1602626400,12080,12177.75,11901.75,11974.25,930587
1602712800,11951,11983.75,11737,11874,917362
1602799200,11891.25,12021.75,11792.25,11798,754824
1603058400,11815.75,11950.75,11592,11650.25,906804
1603144800,11697.75,11792,11598.75,11660.75,907890
1603231200,11673,11779.25,11581.25,11691.25,929366
1603317600,11686.25,11723.75,11511,11649.75,911764
1603404000,11666.75,11691.5,11550.5,11663.5,729889
1603663200,11650.25,11695.75,11343.25,11492.25,944202
1603749600,11497.5,11623,11478,11588,794205
1603836000,11560.75,11566.5,11124,11132.75,1055403
1603922400,11181.75,11457.75,11145,11342.75,941469
1604008800,11218.5,11281.25,10944.25,11046.25,1374709
1604271600,11039,11212,10942.25,11063.25,1112623
1604358000,11075.25,11347.25,11065,11265.75,914456
1604444400,11256.5,11845.25,11230,11763,1346293
1604530800,11817.75,12118.5,11771.25,12076.5,1087585
1604617200,12087.75,12109,11869.5,12075,1277042
1604876400,12134.75,12408,11812.75,11820.5,1592797
1604962800,11863.25,11901.25,11503,11618.25,1852259
1605049200,11634.75,11919.5,11575,11886,1115308
1605135600,11899.75,11975,11775.75,11820,1082972
1605222000,11861.25,11952.75,11801.75,11933.5,881222
1605481200,11953.5,12065.25,11853.25,12005,892223
1605567600,12060.25,12093,11954.25,11975,868762
1605654000,11973,12027.75,11862.5,11897,915590
1605740400,11876.75,12000,11804.5,11987.25,841570
1605826800,11960.25,12021.5,11873.25,11905.75,727445
1606086000,11907.75,12001.75,11808.25,11905.25,774828
1606172400,11915,12105.25,11872.5,12076,679842
1606258800,12099,12177.75,12078.5,12152.25,646303
1606345200,12168.25,12307.75,12126.5,12257.5,521924
1606690800,12286.25,12336.75,12085.75,12277,930759
1606777200,12327.5,12512.5,12312,12452.25,952086
1606863600,12458.25,12475,12313.75,12454.25,855549
1606950000,12471.75,12540.25,12443.5,12462.25,717437
1607036400,12488,12535.5,12448.5,12526,595128
1607295600,12523.75,12612.25,12475,12596,642497
1607382000,12572.25,12652.25,12502.5,12637.5,716926
1607468400,12657.5,12674.75,12306.5,12367,1247179
1607554800,12344,12449,12218,12402,1056100
1607641200,12393.75,12414.5,12234.25,12368,396055
1607900400,12392.75,12549.25,12386.5,12456.5,238636
1607986800,12476,12609,12423.5,12596,630064
1608073200,12600.75,12704.75,12571.25,12670.75,569751
1608159600,12682,12766.75,12672,12751,552295
1608246000,12748.25,12789.25,12610,12712.5,750643
1608505200,12756,12783.5,12461,12683.5,1061715
1608591600,12697.5,12760,12593.75,12710,849302
1608678000,12706,12739,12621.5,12651.25,596954
1608764400,12660,12724,12631.5,12704.5,288135
1609110000,12677,12855.75,12651.75,12832.75,525846
1609196400,12843,12918.25,12807.75,12841,674644
1609282800,12860,12909.75,12820.5,12841.5,488570
1609369200,12840,12895.5,12796.25,12885.5,376007
1609714800,12888.25,12960,12522,12685.5,916861
1609801200,12684.5,12808.5,12611.75,12793.5,790422
1609887600,12801.25,12844.5,12491.25,12616.75,1326413
1609974000,12659.25,12958.75,12646.25,12928,786257
1610060400,12927,13125.25,12919.25,13097.25,954785
1610319600,13098.75,13105.5,12872,12897,826314
1610406000,12915,12959,12767,12890.25,688554
1610492400,12885.75,13003,12820.5,12972.25,587442
1610578800,12975.25,13028.75,12880.75,12901,625300
1610665200,12908,12930.75,12743.25,12802.25,775481
1610924400,12774,13031.75,12727,12985.5,858308
1611097200,13029.75,13327.25,13018,13294.25,635635
1611183600,13290.25,13423.75,13283,13395.5,672678
1611270000,13394.75,13400.5,13300,13361.5,636521
1611529200,13366,13555,13189,13475.5,1112348
1611615600,13460.25,13599.75,13380.75,13485.5,863645
1611702000,13553,13586.75,12882.5,13105.5,1285859
1611788400,13053.75,13394,12906.25,13186,1211130
1611874800,13159.25,13187.25,12830,12911.25,1713363
1612134000,12850,13271.75,12726.75,13236.5,1046257
1612220400,13232.75,13509,13230,13449,793264
1612306800,13503.75,13584.25,13387,13394.25,836674
1612393200,13427.5,13572,13345.75,13547.5,637416
1612479600,13563,13638.5,13519.25,13598,605123
1612738800,13620.75,13692.5,13596,13683,624302
1612825200,13685,13735.25,13634,13680.25,588737
1612911600,13698.75,13769.25,13517.25,13643.5,971540
1612998000,13667.25,13744,13613.5,13729,812009
1613084400,13710.25,13822.5,13646,13804.75,569427
1613343600,13829,13900.75,13715.75,13767.75,876085
1613516400,13757.75,13785.5,13543,13699.75,862384
1613602800,13699,13724.75,13468.75,13633,936629
1613689200,13638.5,13729,13534.25,13576,905237
1613948400,13584.5,13629,13215,13224.25,1137912
1614034800,13226.5,13335.75,12757.5,13192,1586603
1614121200,13171.5,13333,12958,13302,1284595
1614207600,13308.25,13354.25,12764,12831.75,1893015
1614294000,12800.5,13089.75,12663.25,12911,1877394
1614553200,12955.75,13318,12946.75,13279.75,1025183
1614639600,13311.75,13328,13048,13055.25,1084739
1614726000,13061,13191,12662.5,12681.75,1456894
1614812400,12682.75,12797,12306.25,12455,2099066
1614898800,12437,12697.75,12207.5,12663.75,1789102
1615158000,12714,12761.25,12283.75,12297.25,1748168
1615244400,12346.5,12867.25,12325.5,12788.75,1204245
1615330800,12811.5,12993,12704.25,12749.25,1462237
1615417200,12794.5,13119.5,12724.25,13048.25,1135178
1615503600,13051.75,13095,12767.75,12933.5,645640
1615759200,12939,13099,12872.75,13078.5,310513
1615845600,13071.25,13287.25,13047.75,13141.25,844176
1615932000,13159.25,13271,12934.25,13189,1268201
1616018400,13187.5,13266.75,12762,12779.75,1278830
1616104800,12795,12898,12681.75,12844.5,1330097
1616364000,12820.75,13157,12789.5,13071.75,945854
1616450400,13068.75,13172,12978.75,13006.25,1208348
1616536800,13050,13145,12784.25,12794,1188827
1616623200,12804,12859.5,12609.75,12770.5,1512250
1616709600,12799.25,12988.5,12675.75,12966.75,1235458
1616968800,12967,13002.75,12807,12944.5,1361774
1617055200,12974.75,12984,12776.75,12878.25,1104139
1617141600,12891.75,13158.25,12858.5,13089.75,831363
1617228000,13093.75,13333,13090,13316,83366
1617573600,13344,13614.75,13304.25,13585.5,672584
1617660000,13603,13654.25,13524.5,13570,881355
1617746400,13580,13641.25,13513,13604.75,794033
1617832800,13621.75,13789.75,13614.75,13747.75,775241
1617919200,13787,13841,13648.5,13829.5,829301
1618178400,13817.25,13832,13731.75,13808.75,776272
1618264800,13825.5,13993.75,13772.5,13975.75,784551
1618351200,13977,14029,13772.75,13798.75,1048086
1618437600,13827.5,14034.25,13789.5,14014,790571
1618524000,13999.75,14059,13953,14029.5,782661
1618783200,13989.25,14052.5,13821,13897.25,1167074
1618869600,13899.5,13933.75,13719,13794.25,1186060
1618956000,13742.25,13926.75,13700.25,13919.25,883268
1619042400,13895.25,13944,13701.75,13750.25,1190044
1619128800,13757.25,13981.25,13738,13927,787363
1619388000,13915,14038,13865.75,14011.5,681564
1619474400,14023.25,14050,13912.75,13953,711031
1619560800,13954,13993.5,13878,13892.25,816524
1619647200,13970.75,14064,13818.25,13953.5,1073190
1619733600,13948,13957,13819.5,13850,944652
1619992800,13879.25,13947.5,13771.5,13790,777228
1620079200,13786.25,13792.5,13380.75,13536,1202754
1620165600,13526.75,13665.5,13462.5,13491,936762
1620252000,13486,13611.75,13389,13597.75,1211699
1620338400,13605.75,13818,13588.25,13709.75,1006542
1620597600,13718.25,13751.75,13302.25,13356.75,1080875
1620684000,13316,13375.75,13065.5,13346,1828176
1620770400,13321.5,13352,12959.75,12998.5,1716552
1620856800,12968.5,13225,12914.75,13100.25,1607005
1620943200,13095.5,13426,13071,13387,1041555
1621202400,13380.5,13452.5,13182.5,13303.5,1064637
1621288800,13310,13433,13178,13212,856489
1621375200,13182.25,13242.75,12954.25,13233.5,1410586
1621461600,13221,13524,13151.25,13486.5,926125
1621548000,13493.25,13569.75,13395.5,13405,882592
1621807200,13390,13686.25,13356.25,13635.25,576722
1621893600,13654.5,13738.5,13606.5,13656.25,712998
1621980000,13671,13728.25,13656,13700.25,608634
1622066400,13703.75,13720.75,13620.25,13665.5,716347
1622152800,13694.5,13763.25,13662.5,13686.5,575230
1622412000,13698.75,13773,13592.75,13648.75,788715
1622584800,13653,13712.5,13603,13673.75,576913
1622671200,13678.5,13707,13462.25,13529.25,896698
1622757600,13530,13784,13467.75,13766.75,645248
1623016800,13772.25,13825.25,13691.5,13804.25,593134
1623103200,13823.5,13916.75,13742,13811.5,746795
1623189600,13813,13904,13803.5,13814.25,598846
1623276000,13815.75,13976.5,13726.5,13959.75,702931
1623362400,13974.5,13998.5,13931.75,13994.25,258315
1623621600,13996.5,14133.5,13965,14124.75,157769
1623708000,14110.5,14155.25,14000.5,14021.75,577529
1623794400,14039.5,14095.5,13830,13972.75,740135
1623880800,13940.75,14199.25,13842,14156.25,927294
1623967200,14179.75,14205.75,14010,14035,841121
1624226400,14022.25,14144,13958.75,14130,788483
1624312800,14137,14279.25,14066.25,14258.25,621790
1624399200,14273.5,14316.75,14231.75,14263,587636
1624485600,14274.25,14422,14263,14354.25,605975
1624572000,14364.75,14394.25,14313.25,14339,594197
1624831200,14347.75,14519.5,14333.25,14512.5,471785
1624917600,14506.75,14585,14468.75,14563,542004
1625004000,14584,14599,14518,14549,550880
1625090400,14558,14606.5,14470.75,14548.5,598057
1625176800,14542.25,14728.75,14513.5,14713.75,543434
1625436000,14702.25,14789.75,14625.25,14775.5,838525
1625608800,14758.5,14883.75,14726.25,14802.25,844793
1625695200,14811.75,14821.75,14540,14712.25,1001374
1625781600,14712.75,14832,14640.5,14810.5,694222
1626040800,14823.75,14888.75,14785.25,14869.25,563544
1626127200,14880,14994.5,14794.25,14865,824554
1626213600,14868,14996,14841,14891.75,817428
1626300000,14896.25,14962.5,14708.25,14787.5,1017598
1626386400,14778,14869.5,14657.25,14670.5,893209
1626645600,14675.75,14683.25,14444.25,14540.75,1324573
1626732000,14593.5,14782.25,14516.75,14722.75,869753
1626818400,14729.5,14841.75,14666.75,14827.75,778237
1626904800,14838,14982.75,14823.25,14928.5,859820
1626991200,14978.25,15117.5,14934.25,15098,806795
1627250400,15098,15134.25,15038.75,15117.75,685147
1627336800,15125,15131.5,14774.5,14947.75,1000863
1627423200,14876.25,15074.75,14866.5,15011.5,1012173
1627509600,14984.25,15084,14904.25,15037.75,718643
1627596000,14910,14979.75,14811.5,14955.75,820333
1627855200,14972.25,15056,14932.5,14952.75,743820
1627941600,14963.75,15050,14848.75,15046.25,886336
1628028000,15039,15108,14996.75,15073.5,739921
1628114400,15081,15172.25,15069.5,15167.75,554624
1628200800,15168,15170,15047.5,15095.5,697234
1628460000,15091.25,15146,15003.5,15125.25,632672
1628546400,15127.75,15157.25,14994.75,15044.5,754586
1628632800,15045.25,15119,14963,15019.5,828334
1628719200,15007.75,15090.5,14941,15078.5,640693
1628805600,15077,15141.5,15055.25,15125.75,463515
1629064800,15120,15139,14917,15134,766071
1629151200,15133.75,15134.75,14897,14997.5,958229
1629237600,14971,15037,14806.5,14849.25,894716
1629324000,14840.75,14999,14711,14928,1144987
1629410400,14943,15100,14851.75,15086.75,720762
1629669600,15092.25,15338,15087.5,15304.5,661257
1629756000,15327.5,15384,15309.25,15355.5,540655
1629842400,15361.25,15397,15333,15364.25,579467
1629928800,15367,15368.5,15255.5,15274.75,781142
1630015200,15286.5,15443.75,15265.5,15426.5,674243
1630274400,15431.75,15617.75,15420,15597.5,559226
1630360800,15603.75,15677.25,15514,15582.5,733753
1630447200,15601.25,15698,15577.75,15609.25,633192
1630533600,15609,15682.25,15551.25,15601,682127
1630620000,15599.25,15677.5,15552,15651.5,653134
1630879200,15653.75,15708.75,15607,15674.75,772239
1631052000,15671,15691,15523.5,15620,862172
1631138400,15610,15676.5,15545.75,15558.75,803545
1631224800,15561.25,15667.5,15433.5,15441.5,440573
1631484000,15449.75,15565,15350.5,15436.75,322877
1631570400,15446,15523.75,15344.25,15379.75,733906
1631656800,15392,15514.5,15308,15496.5,705213
1631743200,15509.75,15533,15359,15509.5,681095
1631829600,15499,15528.25,15276,15326,860262
1632088800,15285,15338,14807.5,15009.5,1204698
1632175200,14991.25,15163.5,14963.75,15024,1001962
1632261600,14992.25,15227,14929.25,15163.5,884473
1632348000,15177.75,15346.75,15174.5,15303.5,678473
1632434400,15298.75,15334,15176.75,15318.75,660547
1632693600,15318.75,15399.5,15084,15194.75,793477
1632780000,15172.5,15192.25,14740.75,14764.75,1284649
1632866400,14770,14926.25,14711,14739.75,1269891
1632952800,14762,14884,14670,14682.5,1245570
1633039200,14700.5,14818,14537,14761.75,1375183
1633298400,14781,14835.75,14367.75,14462.25,1603467
1633384800,14488.5,14754.5,14410,14655.25,1003155
1633471200,14661.75,14770,14422.25,14759,1417740
1633557600,14767,15001.25,14765,14881.25,888336
1633644000,14894,14998,14791,14808.25,1069815
1633903200,14810,14896.75,14676.75,14700.5,927255
1633989600,14688.25,14783.25,14585.5,14653.25,1146991
1634076000,14595,14796,14590.25,14764.25,1066112
1634162400,14770,15071.5,14766.75,15037.25,721150
1634248800,15064.5,15145,15020.75,15134.5,666222
1634508000,15146.25,15300,15038.5,15290.5,681748
1634594400,15290.25,15428.5,15269.5,15398.5,678659
1634680800,15410.5,15446.75,15319.25,15377.5,686660
1634767200,15358.25,15483.75,15300.75,15478.75,659392
1634853600,15385.5,15463.75,15273.75,15341,952185
1635112800,15325.5,15545.75,15296.5,15495.75,660502
1635199200,15543.5,15701,15502.75,15545,913242
1635285600,15523.25,15717.25,15507.25,15587.25,836528
1635372000,15596,15777.75,15591.25,15764.75,771200
1635458400,15677,15869,15595,15838.5,830699
1635717600,15875,15914.75,15768.75,15894.25,684100
1635804000,15891.25,15980.25,15849.5,15961.25,773284
1635890400,15958.5,16146,15935,16129.75,808740
1635976800,16130,16378.5,16128,16330.75,932803
1636063200,16335.5,16448.5,16292.25,16351.75,1054835
1636326000,16300,16394.25,16265,16327.75,906232
1636412400,16313.25,16391.75,16160,16212.75,1213171
1636498800,16202.25,16243,15897.75,15980.5,1337125
1636585200,15990.25,16113.5,15976,16022.75,831362
1636671600,16042,16213.5,16001.75,16192.75,791656
1636930800,16211,16276.5,16082.75,16187.75,897251
1637017200,16199,16323.75,16142.5,16300.75,754890
1637103600,16296.75,16398.75,16269.75,16311.5,773029
1637190000,16322,16509,16303.75,16481.25,879355
1637276400,16505.5,16628.5,16490,16575,837901
1637535600,16599.75,16767.5,16364.75,16382,1074467
1637622000,16399.75,16418.75,16118.5,16312,1481693
1637708400,16299,16368.5,16102,16366,1087244
1637794800,16361,16435.75,15988,16051,1340409
1638140400,16046.25,16437.75,16037,16390.75,1132287
1638226800,16418.75,16456.5,16068.25,16150.5,1681807
1638313200,16235.75,16427.75,15826.5,15869.75,1468158
1638399600,15890.5,16066.5,15763.25,15988.5,1742231
1638486000,16019,16121.75,15538,15717.75,1502956
1638745200,15703.75,15897,15559.25,15842.75,1346723
1638831600,15849,16375,15825,16318,906098
1638918000,16363.75,16436,16251.5,16392.25,864094
1639004400,16380.75,16420,16120.25,16148.75,974796
1639090800,16159,16336,16127.5,16329.75,494613
1639350000,16321,16411.75,16064,16082,366672
1639436400,16090,16133,15734.5,15922.25,1078938
1639522800,15925.75,16300,15740.25,16286.25,1414220
1639609200,16287.5,16457,15792.75,15866.75,1362005
1639695600,15878.25,15956.75,15651,15788,1524382
1639954800,15810,15851.75,15491.75,15621.25,1218074
1640041200,15679.25,15987,15605.25,15980,1003755
1640127600,15980.25,16183.25,15882.25,16169.75,830985
1640214000,16181.5,16355.75,16145.25,16299,589897
1640559600,16304.25,16580.75,16304.25,16560,559712
1640646000,16569.25,16658.5,16453.25,16488,784195
1640732400,16518.25,16564,16387.75,16490.5,652084
1640818800,16487.5,16567.5,16411.25,16430.25,560321
1640905200,16430.25,16464,16313.25,16320.75,551157
1641164400,16355,16507.75,16291.5,16485.5,871437
1641250800,16496.5,16564,16139.75,16275.75,969575
1641337200,16265.75,16270,15751.75,15766.5,1296059
1641423600,15761.5,15895.75,15598.5,15759,1484261
1641510000,15800.75,15853.25,15510.25,15581,1382039
1641769200,15589.5,15668.75,15152.5,15608,1884102
1641855600,15616.75,15840,15474.5,15831,1469915
1641942000,15826.75,16009.5,15762.5,15887.25,1460685
1642028400,15901.5,15979.25,15458.25,15490.25,1511351
1642114800,15506,15620,15312.25,15595.75,1657140
1642374000,15616.75,15653.75,15170.75,15206,1990559
1642546800,15240,15372.25,15011,15033.5,1902559
1642633200,15042,15340.5,14646.75,14841,1599087
1642719600,14737,14858.5,14408.25,14426.5,2368604
1642978800,14409.75,14579.75,13706.25,14501,3031466
1643065200,14494.25,14499.25,13890,14140.75,2482422
1643151600,13945,14642.25,13943.75,14158.5,2287939
1643238000,14178.25,14409.75,13845.25,13986.75,2134053
1643324400,14142,14442.5,13830.75,14433,2111995
1643583600,14450,14914.5,14353.5,14905,1476659
1643670000,14865.75,15138,14729.25,14994.75,1509628
1643756400,15128.5,15261.5,14825.25,15114.5,1472633
1643842800,14857,14870,14456.5,14492.25,1553167
1643929200,14776.75,14825.75,14363.25,14685.5,1791334
1644188400,14674.5,14806.5,14511.25,14559.75,1389444
1644274800,14603,14775.75,14467.75,14734.5,1274054
1644361200,14744.75,15068,14740,15038.25,1030974
1644447600,15058.75,15061.5,14622,14701,1812572
1644534000,14700,14766.75,14181,14240.5,1873037
1644793200,14250.25,14394,14030.75,14253,1798430
1644879600,14250.25,14615,14223.25,14609.5,1315850
1644966000,14594,14668.5,14381,14600,1242059
1645052400,14593.25,14619.75,14133.5,14164.75,1382785
1645138800,14156,14299,13906,13996,1725909
1645398000,13953.25,14157,13592.25,13862.75,2757278
1645570800,13925.5,14069,13471.25,13507.5,1810490
1645657200,13484.75,13983.5,13025.75,13966.5,3078445
1645743600,13911,14198,13759.25,14180.5,1863502
1646002800,14005,14292.5,13691,14228,1957726
1646089200,14218,14327.5,13900,14005.5,1745316
1646175600,14026.5,14293.25,13912,14239.25,1451574
1646262000,14195.25,14391.25,13955,14030.5,1229518
1646348400,14065.25,14086,13733.5,13839.75,1549904
1646607600,13778.5,13879.75,13265,13320.75,1595359
1646694000,13282.5,13666.25,13105.25,13267,2215437
1646780400,13194.25,13822.5,13192,13734.75,1383839
1646866800,13774.25,13780,13396.25,13586,1389845
1646953200,13575.25,13861.5,13282,13292,711671
1647208800,13330.75,13446.5,13013,13045.5,523866
1647295200,13086.25,13486.75,12941.75,13449.5,1151374
1647381600,13442.75,14025.75,13417,13949.75,1330918
1647468000,13995,14132.5,13819,14107.75,1079811
1647554400,14052.75,14441.25,13967.25,14413.5,1050588
1647813600,14404.5,14466.75,14183.75,14370.5,1190981
1647900000,14389,14692,14292.5,14654,1071514
1647986400,14652.75,14682.75,14441.5,14447,1190069
1648072800,14463.5,14770,14433.25,14763.75,1090348
1648159200,14763,14841.25,14572.5,14755.75,1143416
1648418400,14755.25,14996.5,14658.75,14985.25,1060897
1648504800,14982.25,15269,14956.25,15237.75,1117358
1648591200,15220,15262.5,15012,15071.5,1006324
1648677600,15100,15181,14855.5,14868.75,1053354
1648764000,14921.5,14959.25,14725.5,14863.75,1054828
1649023200,14847.5,15174,14802,15164.25,767180
1649109600,15160,15199.25,14780,14828,1000862
1649196000,14860.75,14864,14395.5,14505.25,1454298
1649282400,14492,14634,14318.25,14536,1297426
1649368800,14534.5,14642.5,14310.5,14327,1156905
1649628000,14334,14379.75,13984.5,14000,1105421
1649714400,14004.5,14284,13880,13945,1369593
1649800800,13954,14266.75,13921.5,14221.5,1082174
1649887200,14210.5,14296,13876,13893.75,1043012
1650232800,13894,14002.25,13729.25,13907.75,1053774
1650319200,13960.75,14240.75,13828,14217.25,1086225
1650405600,14099,14298,13958.25,14004.75,1233171
1650492000,14070.25,14283,13667.25,13728.25,1370973
1650578400,13719,13779,13295.75,13353.5,1565096
1650837600,13323.5,13550,13183.75,13535.75,1845141
1650924000,13528,13584.5,12803,13016,1582094
1651010400,12861.75,13255,12860,13009,1937454
1651096800,13188,13542.25,13033.5,13454.75,1676647
1651183200,13250,13433.5,12831.75,12852,1622144
1651442400,12892.5,13084.5,12709.5,13073,1850584
1651528800,13055.5,13184,12968,13087.5,1451239
1651615200,13120.25,13555.25,12882,13531.25,1397525
1651701600,13496.75,13547.75,12704,12858,1852147
1651788000,12890,12929.25,12519.25,12695.75,2004808
1652047200,12606.5,12636.75,12131.5,12193.75,1804845
1652133600,12205,12547.25,12101.75,12349,2231616
1652220000,12330.5,12553.75,11938.5,11969.75,2069862
1652306400,12003.25,12132.75,11689.25,11947.25,2112357
1652392800,11890.25,12432,11890,12382.75,1446233
1652652000,12410,12499,12189.75,12244.75,1681669
1652738400,12238,12578.75,12230,12560.25,1495970
1652824800,12574.25,12593.5,11863.25,11935.5,1648600
1652911200,11904.25,12077,11704.25,11878.25,2079957
1652997600,11899.25,12096.5,11491.25,11840.75,1855848
1653256800,11858.5,12075.5,11783.75,12035.25,1738796
1653343200,11934,11936,11576.25,11771,1816566
1653429600,11810.5,12033.25,11671,11942.25,1744754
1653516000,11882.25,12343.5,11848.5,12279.25,1323682
1653602400,12251.75,12723.75,12222,12677.75,1175989
1653861600,12705.5,12882.5,12480,12646.5,2010540
1654034400,12646.5,12823.25,12454.75,12551,1479482
1654120800,12549.25,12903.75,12442.25,12893.75,1198080
1654207200,12894.5,12945,12503,12551,1336763
1654466400,12548,12810.5,12527,12605,1110459
1654552800,12604.75,12740.5,12412,12711.5,1089787
1654639200,12683.75,12783.5,12579,12615.75,1211026
1654725600,12617.75,12726,12255.5,12275,1426720
1654812000,12298.25,12339.5,11822.75,11840,1002808
1655071200,11803.75,11803.75,11254.5,11296.5,999074
1655157600,11367.75,11534.5,11236,11346.5,1432095
1655244000,11364,11794.25,11359.25,11629,1526484
1655330400,11651,11774,11068.75,11157.25,1599719
1655416800,11200,11396.25,11120.25,11296.75,1607784
1655676000,11331.25,11678.5,11274,11577.25,1578311
1655848800,11579,11746.5,11320.5,11565.75,1473135
1655935200,11543.5,11767.25,11460.5,11737.5,1532281
1656021600,11690,12149,11684.25,12140.5,1201185
1656280800,12140,12262.75,11994.25,12040.5,1523795
1656367200,12075,12174.25,11661.5,11674.25,1556924
1656453600,11680.75,11749,11564,11691,1445356
1656540000,11695,11697,11350.75,11529.5,1674013
1656626400,11511,11629.75,11381.75,11611.25,1526524
1656885600,11613,11817,11388.75,11808.5,1994819
1657058400,11813.75,11974,11728.25,11880.25,1692968
1657144800,11903.5,12168.75,11837.25,12138.5,1114091
1657231200,12115.75,12211,11952.75,12152,1346427
1657490400,12148.75,12155,11853,11884.25,1209453
1657576800,11900,12025.5,11712,11779,1363711
1657663200,11779.5,11998,11478,11762.25,1660301
1657749600,11730.5,11834.75,11511,11797.5,1395399
1657836000,11808,12021.75,11741,12007.5,1240021
1658095200,12040.75,12186.75,11857.75,11907,1130484
1658181600,11911.5,12328.75,11889.5,12274,1131634
1658268000,12333.25,12517.5,12236,12465.25,1275622
1658354400,12431.25,12655.5,12373.5,12640,1295236
1658440800,12560,12697,12344.5,12423.5,1286035
1658700000,12440,12498.75,12266.5,12354.5,1142603
1658786400,12318.5,12334,12070,12112.5,1076778
1658872800,12192.75,12690,12190.25,12619,1302374
1658959200,12582.75,12948,12449.25,12737.5,1382658
1659045600,12923.75,13012.5,12744.25,12971.5,1265494
1659304800,12980,13108.5,12851.25,12962.5,1300240
1659391200,12975.25,13097,12816.25,12924.5,1441063
1659477600,12921.5,13310.5,12867.25,13271.5,1211240
1659564000,13248,13356,13184.5,13327,1246593
1659650400,13322,13385,13085.5,13228.75,1353890
1659909600,13226,13419.5,13120.5,13183.25,1377657
1659996000,13210.75,13233.5,12963.25,13031.5,1210607
1660082400,13048.5,13408,12981.75,13392,1171305
1660168800,13380.25,13575.75,13284.75,13311.25,1302125
1660255200,13347.5,13583,13312.25,13577.75,1005828
1660514400,13572,13705.75,13495.75,13681.25,905232
1660600800,13673.5,13740.5,13522.75,13658.25,1042281
1660687200,13663,13673.25,13406.25,13493.25,1233602
1660773600,13502.5,13575.5,13411.25,13523.25,1088505
1660860000,13534.75,13535,13227,13268.5,1066297
1661119200,13227.5,13229,12875.5,12909.75,1124261
1661205600,12935.5,13019,12823.5,12896.5,1233531
1661292000,12890.5,13012,12825.75,12929.75,1005492
1661378400,12945.25,13161.5,12925,13156,1153812
1661464800,13155.5,13220,12555.25,12620.5,1388520
1661724000,12484.25,12610,12401.5,12492.75,1519231
1661810400,12502,12659,12247.5,12358.75,1780281
1661896800,12360.5,12513,12276.25,12285.25,1435639
1661983200,12290,12300,12018.25,12292.25,1578434
1662069600,12300,12462,12040.5,12104.25,1594950
1662328800,12111.5,12244.75,11930,12019,1937449
1662501600,12019.25,12306.25,11922.25,12263.25,1333511
1662588000,12262.75,12379.5,12117,12321.75,1484712
1662674400,12346.25,12614.25,12329.25,12592.5,699465
1662933600,12614.75,12774,12573.25,12740.75,616332
1663020000,12865.5,12976.5,12082.25,12115.75,1290019
1663106400,12126.5,12252.75,12080.75,12222.25,1412177
1663192800,12239.75,12267.75,11937.5,12007.5,1325090
1663279200,11965,11966,11778,11933.5,1443532
1663538400,11920.5,12066.5,11792.25,12024,1233530
1663624800,12043.75,12092.5,11828.5,11922.25,1334120
1663711200,11948,12139,11647,11710,1558233
1663797600,11663.75,11795.75,11510,11565.5,1588742
1663884000,11580,11600,11228.75,11376.75,1524511
1664143200,11362.5,11537.75,11256.5,11316.25,1768686
1664229600,11316,11568,11233.5,11333.75,1656254
1664316000,11357.5,11612.5,11141.75,11555.75,1665831
1664402400,11540,11566.25,11091.5,11228.25,1515724
1664488800,11224.75,11357,11024.5,11035.5,1629802
1664748000,11028.75,11357.75,10890.5,11285.75,1456881
1664834400,11315,11676.25,11282.75,11640.75,1412590
1664920800,11632,11711,11368,11623.75,1397613
1665007200,11628.75,11730,11505.5,11541.75,1579103
1665093600,11498.25,11577,11043.25,11101.5,1462387
1665352800,11066.75,11136.5,10876.75,10984.5,1411118
1665439200,10989,11039.75,10767.25,10845,1707261
1665525600,10876.5,10976.75,10805.75,10840.5,1480012
1665612000,10855,11142.25,10484.5,11083.75,2055351
1665698400,11070,11253.75,10726.75,10744,1790065
1665957600,10720.5,11149,10705,11110.25,1323283
1666044000,11161.75,11431.75,11081.5,11198.75,1736014
1666130400,11323.75,11382.5,11050.25,11153.25,1520065
1666216800,11141.75,11329,11008,11090.75,1466865
1666303200,11062.75,11386.25,10937,11358.5,1638860
1666562400,11393.75,11530.75,11207.75,11478.75,1415346
1666648800,11459.75,11732.75,11430.5,11713.5,1219402
1666735200,11520,11703.5,11413.5,11446,1518876
1666821600,11423,11537.75,10924.5,11235.25,1602442
1666908000,11124.5,11627,11062,11587,1338252
1667167200,11593.5,11600,11367,11447.25,1114645
1667253600,11451.75,11619,11288.75,11332,1299271
1667340000,11319,11459.75,10908.25,10944.5,1309285
1667426400,10944.75,10995.75,10708,10728,1412676
1667512800,10724.5,10974.25,10636,10890.25,1860620
1667775600,10829.25,11038.5,10775.75,11014.25,1244725
1667862000,11014.5,11231.5,10928.25,11094.25,1323757
1667948400,11079,11164.75,10822,10830.75,1377872
1668034800,10841.75,11677,10809,11632.25,1432721
1668121200,11670,11876.75,11569.5,11848,1496274
1668380400,11796,11898.5,11702,11734.75,1151123
1668466800,11769,12118.5,11761.5,11904.25,1652360
1668553200,11889,11962.25,11706,11739.5,1289654
1668639600,11773.75,11828.25,11528,11710.5,1290893
1668726000,11746.5,11844,11606.5,11708,1234910
1668985200,11720,11755.25,11553.25,11588,978909
1669071600,11587.75,11759.25,11525.5,11754.5,910314
1669158000,11741,11892.75,11720.25,11862.75,912095
1669244400,11878,11932.75,11766.25,11782.75,536492
1669590000,11735.25,11788.25,11574.75,11616.25,908381
1669676400,11625.5,11704.25,11465,11524.75,1024726
1669762800,11519.25,12077.75,11497.75,12042.25,1338839
1669849200,12074.75,12144.75,11943.75,12062.75,1249676
1669935600,12039,12068,11740.25,12010.25,1094953
1670194800,12000,12015,11745.25,11805.75,938136
1670281200,11813,11846,11502,11566,1130245
1670367600,11568.5,11596,11423.25,11509.5,1197842
1670454000,11500,11685.5,11434.25,11645.5,955939
1670540400,11638.75,11748,11516.5,11569.75,905825
1670799600,11555,11717.25,11523,11711.75,447210
1670886000,11820,12330,11797,11958.75,1146243
1670972400,11958,12069.5,11728.75,11869,1030839
1671058800,11889,11898.25,11404,11457,1117311
1671145200,11448,11491.5,11275.5,11344.75,1108183
1671404400,11327,11411,11131.5,11193.25,925805
1671490800,11182.25,11247.25,11042.75,11175.75,1131393
1671577200,11201.5,11389.75,11181,11334.5,961542
1671663600,11359.75,11384.25,10870.5,11054.25,1040361
1671750000,11053.5,11143.25,10915.75,11075.25,1027774
1672095600,11101.75,11184,10895.75,10915.5,847658
1672182000,10918,10996.5,10758.25,10772.75,927100
1672268400,10786.75,11071.5,10777.5,11032.75,769734
1672354800,11032.75,11051.75,10855.5,11022.25,870635
1672700400,11117,11181.75,10844.25,10945.5,1079765
1672786800,10941.75,11068,10863.25,10999.25,1214791
1672873200,10983.75,11046.25,10804.75,10820.25,1114944
1672959600,10837.75,11166,10751,11113.5,1283376
1673218800,11128.75,11385.5,11120.25,11185.5,1080273
1673305200,11181.25,11289.25,11094.25,11282,1175089
1673391600,11281.75,11479.5,11239.5,11476.5,967889
1673478000,11471.75,11580,11288.5,11534.25,1514447
1673564400,11529.75,11619.25,11389.5,11608,1036574
1673823600,11612.5,11685,11510.25,11624.5,1202686
1673996400,11622,11759.5,11467.75,11475.75,1282025
1674082800,11470,11486.75,11308.5,11356.5,1188800
1674169200,11405.5,11686,11365.25,11677,1039642
1674428400,11677.75,11983,11650.25,11934,1081571
1674514800,11933,12010,11835.75,11909.5,984207
1674601200,11973,11976.5,11604.5,11873.25,1256734
1674687600,11875,12113.25,11867.25,12106.75,1148274
1674774000,12050.25,12308,12016,12222.25,1149579
1675033200,12213.25,12252,11960,11968,1161133
1675119600,11984.25,12156,11871.25,12152,1067678
1675206000,12121.25,12525,12055,12414.25,1081997
1675292400,12514,12950,12501.25,12846.75,1400476
1675378800,12739.5,12877.75,12550.5,12624,1501923
1675638000,12578.25,12608.75,12456.5,12515.5,1087789
1675724400,12517,12818.75,12459.25,12776.75,1281583
1675810800,12746,12809,12512.5,12545.25,1056940
1675897200,12557.25,12729.5,12366,12425.5,1183273
1675983600,12445.75,12451.5,12243,12346.25,1161148
1676242800,12353.25,12567.75,12265,12540.5,901532
1676329200,12547.75,12685.75,12390.5,12631,1517022
1676415600,12618.75,12756.75,12524.25,12730,1058771
1676502000,12743.75,12792.5,12455.25,12482.5,1198917
1676588400,12461,12464,12265.5,12390,1120246
1676847600,12383,12418,12091.5,12096.75,1052640
1677020400,12111.25,12190.75,12034.25,12097.5,1075725
1677106800,12175.5,12261,12028,12207.5,1012344
1677193200,12191.25,12214.25,11922.75,11997,1027180
1677452400,12002.25,12189.5,11987.75,12083.25,849862
1677538800,12092,12173.75,12025.75,12072.25,914267
1677625200,12042.75,12142,11925,11961.75,968760
1677711600,11968.5,12096.25,11831.5,12062,976826
1677798000,12050.75,12329.75,12012.25,12311.25,877371
1678057200,12307.75,12485.75,12276,12323.5,900558
1678143600,12322.5,12381.75,12142.25,12169,1077645
1678230000,12174.75,12254.5,12108.5,12228.25,1024321
1678316400,12223,12353.75,11977,12007.25,1204893
1678402800,12008.75,12112,11796.5,11840.25,1664090
1678658400,11888,12095.75,11677,11931.75,857903
1678744800,12080.75,12356.5,12025,12337,1070196
1678831200,12328.5,12407,12093.25,12377.75,1297359
1678917600,12397.75,12734,12314,12715.5,1190673
1679004000,12710.25,12810,12569,12644.75,1277399
1679263200,12689.25,12750,12525.5,12688.5,1165935
1679349600,12698.75,12897.5,12676.25,12867.25,878604
1679436000,12873.5,13081.75,12677.5,12707,1119564
1679522400,12698.25,13031.5,12695,12854,1367957
1679608800,12872,12925.25,12726,12890.25,1275463
1679868000,12916,12976.25,12765.75,12788.5,974514
1679954400,12812,12833.5,12634.75,12732.5,821787
1680040800,12747,12993,12742,12965,823177
1680127200,12965,13112,12931.25,13082,853717
1680213600,13080,13311.5,13056.5,13301.75,817919
1680472800,13262.5,13278.75,13154.25,13270,818610
1680559200,13261.75,13348.75,13168.75,13219,906773
1680645600,13232,13247.25,13006,13079.75,846841
1680732000,13075.25,13191.25,12952.5,13170.75,86869
1680818400,13164.25,13190.5,13126,13170.75,86869
1681077600,13178,13206.25,12967.5,13158,766868
1681164000,13168.75,13209.25,13051.75,13074.75,830152
1681250400,13076,13241,12938,12952.25,1147937
1681336800,12955,13228.5,12925.25,13209.75,847188
1681423200,13181,13255,13056,13181.25,1018374
1681682400,13210,13218,13077,13186.5,881577
1681768800,13185.75,13298.5,13138.25,13193,915110
1681855200,13174,13227,13065,13183,824835
1681941600,13166,13199.75,13022,13074.25,971192
1682028000,13090,13121.75,12982.75,13090.5,898611
1682287200,13071.25,13134,12967.25,13056.5,834869
1682373600,13050.25,13059.75,12801,12809.5,992431
1682460000,12929.75,13012.5,12863,12887.75,1076220
1682546400,12962,13331.5,12936,13231.25,966685
1682632800,13220,13336.75,13168.75,13320.25,965388
1682892000,13316.25,13367.25,13258.75,13306.75,810359
1682978400,13288.5,13334.5,13111,13184.5,932745
1683064800,13163.25,13310,13079.75,13100.75,1018257
1683151200,13067.75,13172,13001.75,13043.75,1014116
1683237600,13059,13358.75,13055.75,13317.75,780711
1683496800,13315.5,13368,13254.5,13352.25,673681
1683583200,13336,13347.25,13249.25,13264.75,664563
1683669600,13261.5,13448,13202,13409.5,1150356
1683756000,13408.5,13472,13361.5,13446.5,946253
1683842400,13444,13494.75,13310,13396.25,853854
1684101600,13379.25,13479,13350,13468,719512
1684188000,13466.75,13554.25,13426.25,13483.25,785954
1684274400,13500.5,13669.25,13474,13643.5,801492
1684360800,13641.5,13913.75,13628.25,13894,974758
1684447200,13908.25,13960.5,13814.25,13858,913863
1684706400,13813.75,13946.75,13794.25,13902.5,778815
1684792800,13911.5,13977.25,13711,13728.75,879671
1684879200,13732,13845.25,13566.75,13650.25,966440
1684965600,13871.25,14031.5,13803,13976.5,1144408
1685052000,13981.75,14372.5,13924.75,14332.5,979505
1685311200,14418.25,14570,14336.25,14396.75,1222423
1685484000,14398,14430,14252.5,14300.5,1032191
1685570400,14290,14528.25,14248,14472.25,947341
1685656800,14494.5,14627.75,14470,14575.25,960375
1685916000,14582.75,14695.25,14512.75,14588.75,955175
1686002400,14582,14624,14505,14586.5,825671
1686088800,14593.5,14675.5,14305.5,14331.5,1110723
1686175200,14318.75,14527,14257,14503,961594
1686261600,14518.75,14688,14460.25,14556.25,987711
1686520800,14561.5,14826.75,14553.75,14800.5,346323
1686607200,15000.75,15151.75,14962.75,15099,856403
1686693600,15108.25,15244,14976,15199.25,1065797
1686780000,15226,15441,15066.25,15374,1033196
1686866400,15366,15475.5,15258.75,15268,1000125
1687125600,15302.5,15321.75,15126.25,15256.5,1052906
1687298400,15247,15273,15002.5,15044,945397
1687384800,15042,15238,14964,15214.75,994988
1687471200,15236,15236.5,14984.75,15058.25,998278
1687730400,15058.25,15152.25,14853.5,14856.5,1039539
1687816800,14874.75,15139.75,14862.5,15111.5,961486
1687903200,15087,15218.75,15021.25,15130,1099390
1687989600,15160.5,15202.75,15028.5,15100.25,988008
1688076000,15107,15376.5,15098.75,15337,782655
1688335200,15331.5,15392,15307.5,15364.75,429677
1688421600,15356.5,15431.75,15255.25,15360.75,868758
1688594400,15355,15365.75,15112,15238,954281
1688680800,15214,15359.75,15172,15181.75,1042065
1688940000,15195.75,15219.75,15063.5,15187,1025927
1689026400,15192.75,15279.75,15109,15260,930817
1689112800,15260,15507.75,15253.25,15444.75,1077628
1689199200,15459.75,15741.25,15455.75,15711.5,873031
1689285600,15699.5,15857.5,15658,15694.25,992104
1689544800,15690.25,15886.75,15661,15840.75,797555
1689631200,15827,16030,15733.5,15974.75,957136
1689717600,15952,16062.5,15911,15959.25,1093845
1689804000,15925.75,15925.75,15547.5,15592.25,1206792
1689890400,15594,15719.5,15522.25,15540,1151784
1690149600,15555.75,15618.25,15484.5,15561.25,912619
1690236000,15569.25,15736,15549,15673,826753
1690322400,15725.25,15739.5,15515,15610.75,1110099
1690408800,15639.25,15904,15512.5,15571,1350572
1690495200,15584,15895.75,15546.5,15847.5,1156299
1690754400,15849.5,15916.5,15791.25,15857.5,912108
1690840800,15867.5,15889,15728,15817.25,891307
1690927200,15769.5,15790,15413.25,15473,1263570
1691013600,15452.5,15552.25,15339.25,15438.75,1206265
1691100000,15444,15610.25,15336.5,15354,1403814
1691359200,15369.75,15495.25,15334.5,15485.5,1063835
1691445600,15490.75,15498,15216.25,15354.25,1058237
1691532000,15351.5,15432.75,15145,15178.25,1120131
1691618400,15202.25,15441.75,15136,15201.25,1460558
1691704800,15218.75,15266.75,15037.25,15095.75,1132060
1691964000,15105,15282.25,15020,15270.25,1044116
1692050400,15281.75,15335,15076,15106.5,1172726
1692136800,15113,15165.5,14921.75,14942.25,1130557
1692223200,14942.5,15018,14738.75,14778,1188060
1692309600,14750,14802.75,14609.25,14744,1318274
1692568800,14763.25,15013.75,14720.5,14985.75,1103987
1692655200,14972,15118.5,14931,14958.5,1141176
1692741600,14964,15355.75,14955.25,15195.5,1023851
1692828000,15341.25,15417.75,14816.75,14862,1514736
1692914400,14838,15049,14752.75,14979.25,1589191
1693173600,14991.75,15126.75,14973.25,15092.5,1170233
1693260000,15096,15430,15050,15415.75,1019044
1693346400,15424.25,15524.5,15361.25,15501.25,1117435
1693432800,15512.5,15606.75,15458.5,15538.5,1116087
1693519200,15534.75,15661.25,15453.5,15516.25,1064967
1693778400,15517.75,15587,15418.5,15534.5,1165851
1693951200,15512.5,15532.75,15310.5,15399.5,1022363
1694037600,15388.75,15395.5,15157.5,15282.25,1159920
1694124000,15287,15390.5,15222.75,15297.5,1029955
1694383200,15308,15498,15297.75,15475.75,458735
1694469600,15667,15680,15484,15500,793676
1694556000,15503.75,15620,15406.25,15552.25,1073977
1694642400,15571,15714.75,15531,15673.5,1112358
1694728800,15677.5,15719.75,15356.75,15392.25,1185757
1694988000,15383.75,15460.75,15330.5,15414.5,980761
1695074400,15424.5,15442.5,15248.5,15375.25,1051906
1695160800,15378.75,15436.5,15127.75,15152,1177026
1695247200,15133,15148,14838.5,14862.75,1261759
1695333600,14850,15027.25,14835.75,14869.5,1134088
1695592800,14879,14956,14782.5,14935.25,1171444
1695679200,14952.5,14952.5,14666.25,14715,1255260
1695765600,14726.5,14821.25,14587.25,14739,1373653
1695852000,14771,14948,14656.25,14859.75,1429002
1695938400,14877,15060.75,14811,14866.5,1471532
1696197600,14962.25,15046.25,14824.75,14984.75,1554218
1696284000,14992,15031,14651.5,14714.5,1498571
1696370400,14715,14955.75,14589.25,14923.75,1524342
1696456800,14904.25,14958.75,14716,14861.75,1359928
1696543200,14856,15160.5,14660.25,15112,1579512
1696802400,15076,15212.75,14949.25,15187,1125602
1696888800,15199,15383.5,15173,15270.75,1161981
1696975200,15278.75,15417.5,15253,15380,1166562
1697061600,15408.25,15469.5,15216.25,15315,1323805
1697148000,15326,15367,15062,15120.25,1499806
1697407200,15119.75,15338,15083,15289.5,1210425
1697493600,15304.75,15309.25,15050,15240.75,1308204
1697580000,15243,15243,14979,15025.25,1565886
1697666400,15048,15138,14839.25,14890,1984316
1697752800,14850.25,14887.75,14645,14664,1473441
1698012000,14678.75,14854.25,14514.25,14712,1379601
1698098400,14746,14950,14705.75,14846.5,1352289
1698184800,14831.5,14854.5,14440,14478.25,1407896
1698271200,14430.75,14459.25,14136.5,14194,1797107
1698357600,14244,14407.5,14209.5,14265.25,1468765
1698616800,14329,14476.25,14302.25,14416.5,1193512
1698703200,14412,14503.5,14311.25,14490.25,1248926
1698789600,14458,14762,14411,14744.5,1287302
1698876000,14760,15015.75,14759.75,14998,1049634
1698962400,14931.25,15228.5,14924.25,15178.75,1085949
1699225200,15187,15257.5,15138,15232.5,857920
1699311600,15216.75,15412.75,15175.75,15374.25,988596
1699398000,15372,15417.75,15286.5,15386.5,940237
1699484400,15360,15453.25,15236.75,15256,1243724
1699570800,15254.75,15616.25,15207,15596.25,1090380
1699830000,15585.75,15601,15465.25,15547,874797
1699916400,15559.5,15918.75,15551.75,15879.75,1016422
1700002800,15894.25,16049,15832,15889.25,1081674
1700089200,15844,15907.25,15797.75,15897.5,1063757
1700175600,15898.25,15940,15824.5,15895.75,871649
1700434800,15891.25,16116.75,15837.5,16086.5,861071
1700521200,16089.75,16122.5,15912,15990.25,868972
1700607600,15970,16173.25,15942.5,16049.25,1065880
1700694000,16039.75,16086.75,15981.75,16021,545122
1701039600,16008.5,16089,15938.75,16008.75,911010
1701126000,16004,16071.5,15945,16048,1038032
1701212400,16054.75,16207.75,16013.5,16023.75,1042430
1701298800,16041.5,16098,15855.75,15985.5,1141900
1701385200,15955,16050,15864.5,16023.75,1124267
1701644400,16021.75,16027,15721.25,15869,1087819
1701730800,15860.75,15961.75,15761.25,15908.75,1152664
1701817200,15898.75,16039,15802,15815.25,1152632
1701903600,15816.25,16065.75,15791.25,16038.75,1057636
1701990000,16018.5,16119,15890,16098.25,1043068
1702249200,16092,16249.75,16044.5,16237,498570
1702335600,16453.5,16600.25,16396.5,16575.5,556437
1702422000,16597.5,16806,16576,16777.25,783766
1702508400,16774,16885.5,16627.25,16753,1103520
1702594800,16740,16887.25,16732.25,16820.25,927037
1702854000,16820.25,16974.25,16802.25,16939.75,733161
1702940400,16920,17029.5,16911,17023,769731
1703026800,17023,17073.5,16757.25,16766.25,1063402
1703113200,16793.75,16971.25,16790,16956.5,1122605
1703199600,16954.5,17041.25,16891.5,16980,848841
1703545200,16963.5,17111.5,16963.5,17083.5,515923
1703631600,17085,17132.25,17055.5,17113.25,683261
1703718000,17129,17165.5,17078,17090.5,616483
1703804400,17089.75,17130.5,16937.75,17023.5,826279
1704150000,17018.75,17038.5,16622,16720,1068977
1704236400,16740,16740,16522.25,16538,1154851
1704322800,16543.25,16587.25,16435.75,16445,966889
1704409200,16454,16577,16334.25,16460.25,1098485
1704668400,16472.25,16811.5,16378.25,16803.75,880010
1704754800,16790,16868.5,16658.5,16830.25,1023133
1704841200,16829.5,16983.25,16801.75,16945.25,986991
1704927600,16955.5,17056,16753,16966.25,1370416
1705014000,16958,17042.5,16866.25,16969.25,1136604
1705273200,16962,17034,16812,16966.5,1590564
1705446000,16979.5,16981.25,16689,16869.75,1232753
1705532400,16859.5,17126,16833.75,17110,1383841
1705618800,17117.75,17472,17107.25,17438.5,1279429
1705878000,17465.75,17584.75,17434.25,17458.5,1164374
1705964400,17457,17558.25,17409.25,17531.25,964525
1706050800,17551.5,17794,17551.5,17621,1276789
1706137200,17618.75,17752,17541.75,17634.5,1302123
1706223600,17574.25,17631.25,17465.75,17527,1185606
1706482800,17502.5,17716.25,17456.25,17706,1000807
1706569200,17708,17735.75,17466.5,17588.5,997556
1706655600,17427.5,17483.75,17221.75,17242.25,1392644
1706742000,17275,17645.5,17262.75,17436.75,1254476
1706828400,17592,17775.5,17465.75,17732.75,1343148
1707087600,17695.25,17745,17553.75,17700,1057797
1707174000,17702,17768.25,17560.75,17660,1223843
1707260400,17648,17876,17629.5,17841.75,1140713
1707346800,17851,17896.5,17791.5,17868.25,894327
1707433200,17857.25,18071,17851.75,18039.25,887504
1707692400,18039.25,18121.5,17911,17965,958530
1707778800,17929.75,17963.5,17546.25,17676.75,1479457
1707865200,17703,17887,17669.25,17881,1285619
1707951600,17873.25,17968.5,17780.25,17912.75,1221673
1708038000,17949.25,18026.25,17713.75,17744,1370208
1708297200,17728.5,17807.25,17452.5,17607.25,1726529
1708470000,17574.75,17715.5,17373,17536.75,1384949
1708556400,17704,18087,17675.5,18047.5,1315842
1708642800,18025.25,18145,17946,17991,1273874
1708902000,17962.75,18059.75,17922,17977,1070895
1708988400,17953.75,18040.5,17908.5,18021,1112234
1709074800,18014,18019.75,17846.25,17915.25,1150849
1709161200,17868.25,18109,17826.25,18082.75,1268633
1709247600,18071.5,18372.5,18030.25,18338.25,1249451
1709506800,18335,18378.25,18233.5,18262,911020
1709593200,18248.5,18254,17832.5,17930.25,1401867
1709679600,17982,18174.25,17942.5,18044.25,1550397
1709766000,18040,18360,17915.5,18316.25,1385293
1709852400,18275,18436.25,18012.25,18046.75,1807424
1710108000,18058,18060.25,17890,17971,722540
1710194400,18256.25,18491,18174,18477.25,1208238
1710280800,18470.5,18506.75,18281.5,18328.5,1263445
1710367200,18341.25,18428.25,18161.25,18271.75,1470487
1710453600,18251,18323,18006.25,18058.75,1440856
1710712800,18072.75,18380.75,18062.25,18231.5,1439715
1710799200,18224,18289.5,18053.25,18270,1407309
1710885600,18275,18545.5,18227.5,18479.75,1326200
1710972000,18537,18708.5,18526.5,18561.75,1423417
1711058400,18579.5,18626,18492.75,18574.75,1204558
1711317600,18566.75,18601.25,18415,18513.5,1074800
1711404000,18534,18618.75,18439.25,18449,1073280
1711490400,18478,18572.25,18378.5,18503.75,1227152
1711576800,18506,18539.25,18447.25,18475,1032864
1711922400,18500,18611.75,18414.5,18497.25,1215598
1712008800,18497.75,18514,18201,18330,1194869
1712095200,18347.75,18452,18232.75,18373.25,1273758
1712181600,18389,18568.25,18055,18076.75,1460444
1712268000,18088,18407.75,18043.5,18300.75,1769145
1712527200,18346.5,18377.5,18237.75,18295,1336228
1712613600,18317,18407.5,18160.25,18359.75,1614368
1712700000,18384,18470,18054,18196.75,1719178
1712786400,18190.75,18519.25,18085,18485,1558409
1712872800,18485.5,18507.75,18120,18179.25,1598155
1713132000,18151.75,18351,17841.5,17876.25,1655049
1713218400,17882,17988,17791.25,17881.25,1702156
1713304800,17897.75,17968.25,17616,17658.5,1769687
1713391200,17674,17771,17505,17547.25,1605478
1713477600,17530,17552.5,17113.75,17180.75,2074312
1713736800,17228.25,17448,17148.75,17350,1433387
1713823200,17350,17666.75,17285.5,17606.75,1281339
1713909600,17680.25,17795.75,17480,17664.5,1572984
1713996000,17451.5,17827.75,17308,17567.5,1736783
1714082400,17811,17901.25,17668.25,17845.75,1388411
1714341600,17864.5,17949,17791.25,17904.25,1142207
1714428000,17912.75,17921,17473.25,17571.25,1410128
1714514400,17471.5,17791.75,17399,17438.25,1617842
1714600800,17484,17755.25,17386,17649.75,1470541
1714687200,17745,18050,17719,18000.75,1166459
1714946400,18046.75,18201.75,17983.75,18195.5,883244
1715032800,18184.75,18267.75,18150.75,18199.5,962783
1715119200,18195,18242.25,18072.5,18186.5,972666
1715205600,18164,18240,18104.25,18214.5,985807
1715292000,18222,18348,18188.25,18255,1020500
1715551200,18237.5,18336.75,18229,18295.5,834195
1715637600,18284.75,18433.75,18167.5,18415,1093349
1715724000,18411,18706.75,18392.75,18691.75,1139472
1715810400,18694.5,18760.75,18633,18650,1032088
1715896800,18640,18686.5,18545,18635.25,915114
1716156000,18633.75,18794.5,18631.5,18763,814867
1716242400,18747.75,18808.75,18678,18799.25,795662
1716328800,18799,18892,18684,18786.75,1000945
1716415200,18854,19022.5,18621.5,18696.25,1550885
1716501600,18685.75,18926,18678,18876,999287
1716760800,18875,18980.5,18819.5,18940.5,1241481
1716933600,18950,18951,18739.75,18802.75,1106627
1717020000,18754,18787,18548,18606.5,1242244
1717106400,18591,18668,18241.25,18591,1619606
1717365600,18589.25,18755.5,18436,18646.25,1426877
1717452000,18663,18753.25,18511.25,18701,1358531
1717538400,18713.75,19091,18695.5,19074.25,1127549
1717624800,19088,19124.25,19017.75,19060.25,1108835
1717711200,19068,19155.25,18940,19037.75,1244009
1717970400,19026.25,19129.75,18973.25,19109.75,1089354
1718056800,19106,19257.75,18994.75,19242.25,1053942
1718143200,19250,19612,19232,19496.5,1243606
1718229600,19603.5,19690,19500,19602.5,1258933
1718316000,19602.5,19700,19501.5,19685.5,1266176
1718575200,19954.75,20271.5,19904,20192.75,822061
1718661600,20186,20270,20127,20196.25,863334
1718748000,20204,20371.5,19958.5,20031.5,1604359
1718920800,20044,20085.5,19914,19982.75,1207547
1719180000,20014.25,20030,19728,19750.75,1437347
1719266400,19758.5,19981,19725.25,19972.25,1215064
1719352800,19972,20070.5,19901,20012.5,1291240
1719439200,19951,20116.5,19873.5,20039.5,1312669
1719525600,20066.75,20273.25,19906,19927.25,1548389
1719784800,19971.25,20074,19811.5,20052,1497353
1719871200,20048,20259.5,19909.75,20255.25,1387325
1719957600,20243.5,20435.5,20205,20411.5,863708
1720044000,20420,20639.75,20361,20620.75,1248370
1720389600,20591,20688.25,20579.25,20659.75,1064217
1720476000,20680.5,20771.75,20616,20678.5,1231829
1720562400,20687.75,20917.5,20682,20899.75,1064186
1720648800,20894.75,20983.5,20376.25,20441.75,1797722
1720735200,20430.75,20741,20332.25,20524,1408802
1720994400,20578.75,20796.5,20506.25,20583.75,1471491
1721080800,20625,20684,20464,20598,1426846
1721167200,20592,20597.75,19965.75,19997.5,1779691
1721253600,20024.25,20162.75,19758.75,19899.25,1993373
1721340000,19950,19979.5,19654,19713,1803492
1721599200,19747.75,20044.25,19718.75,20001,1695864
1721685600,19982,20085,19868.25,19925,1557671
1721772000,19886.75,19886.75,19166.5,19203.25,1807926
1721858400,19258,19390.5,18883.5,18992.25,2467489
1721944800,19000.25,19299,18994.75,19174.5,1820569
1722204000,19172.75,19377.25,19113,19209.25,1726952
1722290400,19220,19319.25,18726.75,18936.25,1991370
1722376800,18870,19645.25,18862,19505.25,1853094
1722463200,19588,19716.75,18852.25,19023.25,2274486
1722549600,18961,18981.5,18385.75,18556.25,2403466
1722808800,18391.75,18394,17346,18013.25,3412620
1722895200,18164.5,18483,17961.25,18179,2073838
1722981600,18040.25,18558.5,17834.25,17966.5,2136701
1723068000,17881.25,18594.5,17745,18525.25,1842706
1723154400,18551.75,18674.75,18383,18616,1607665
1723413600,18591.75,18765.5,18514.5,18639.5,1477087
1723500000,18644,19121.75,18628.75,19104.25,1202244
1723586400,19100,19203.75,18925.5,19115,1405052
1723672800,19148.25,19603.5,19100.25,19581.25,1185059
1723759200,19569,19683,19445.25,19605.75,1139475
1724018400,19628.25,19872.75,19525,19857.75,1104455
1724104800,19854,19930.75,19743,19809.5,1139350
1724191200,19805,19982,19771.25,19909.5,1256540
1724277600,19917.75,20025.75,19542,19578.25,1526350
1724364000,19621.25,19903.25,19592,19790.75,1389224
1724623200,19788,19846.25,19506.5,19591.25,1256338
1724709600,19555.25,19694.5,19441.75,19653.75,1156765
1724796000,19638,19690,19227,19415.75,1399017
1724882400,19240.75,19692,19139,19393.25,1695851
1724968800,19449,19633,19370,19623,1324898
1725228000,19600,19683,18911,19006.5,1784918
1725400800,18991,19115,18824.25,18962.5,1497422
1725487200,18968.5,19150.25,18828,18963.5,1484912
1725573600,18920,18972.5,18337.25,18458.25,1794051
1725832800,18399.5,18735,18386.75,18692.25,1390367
1725919200,18723.75,18876.75,18582.5,18864,1453633
1726005600,18841.75,19293.5,18547.75,19271,1798075
1726092000,19246,19483.25,19185.25,19447.25,1498854
1726178400,19410,19577,19396,19530.25,1050142
1726437600,19498.25,19546.75,19299,19433,626875
1726524000,19658,19850.5,19574.5,19675.75,1067884
1726610400,19686.5,19899.75,19560.75,19580.5,1315559
1726696800,19646,20203,19635.5,20088,1294317
1726783200,20070,20084,19860,20028.25,1234853
1727042400,20039,20164,19955,20080,1097095
1727128800,20065.25,20214.75,19952,20167.75,1146619
1727215200,20184.25,20272.75,20063.75,20192,1036524
1727301600,20241.75,20537.75,20188,20346.25,1305049
1727388000,20344.5,20396,20173,20221.5,1224998
1727647200,20198.25,20286.75,20057.5,20261.25,1312804
1727733600,20232,20331.5,19818,19975,1618835
1727820000,19972,20089.5,19833.5,20009.75,1366434
1727906400,20056.5,20115,19851,19990.25,1414771
1727992800,19971.75,20263,19941.25,20227.25,1462166
1728252000,20219,20268,19948,19992.75,1243605
1728338400,20032,20329.5,19902.5,20298.5,1162724
1728424800,20298,20482.25,20195.5,20463.5,1074631
1728511200,20447.75,20508,20301.25,20429.75,1110733
1728597600,20441.5,20494.5,20313.25,20450,989984
1728856800,20433.75,20680,20382.5,20619.25,872065
1728943200,20637.5,20659.25,20254,20342,1223692
1729029600,20340,20397.5,20205.25,20349.5,1075278
1729116000,20332,20594.5,20276.75,20368,1332449
1729202400,20385.5,20532,20321,20483.5,993223
1729461600,20495.75,20554.25,20342.5,20519.5,1106488
1729548000,20518.25,20602,20360.25,20542,1159474
1729634400,20522.75,20542.5,20079,20220.5,1387682
1729720800,20299.5,20428,20260.5,20380.25,1160911
1729807200,20385,20707.5,20363.25,20498.75,1306774
1730066400,20524,20676.75,20486,20497,1109789
1730152800,20508,20760.25,20432,20696.5,1185222
1730239200,20725,20789.75,20471,20534.75,1245410
1730325600,20486,20496.5,20007.75,20021.75,1526915
1730412000,20065.25,20287.25,20017.75,20153.25,1360922
1730674800,20141.75,20249,20013.25,20086,1167242
1730761200,20128,20386,20041.75,20341.75,1075354
1730847600,20365,20935.75,20323.5,20894,1535645
1730934000,20924.25,21253.5,20860.75,21224.75,1039992
1731020400,21225,21266.5,21121.5,21231.25,968725
1731279600,21242,21340.5,21098.25,21217.75,1057796
1731366000,21218,21252.25,21054.75,21189.5,1185300
1731452400,21180.5,21268.75,21057.5,21159.5,1297749
1731538800,21166,21191.25,20950.5,21011.75,1324325
1731625200,20980,20981,20405.25,20493.75,1502693
1731884400,20504.75,20724.5,20476.25,20633.5,1242409
1731970800,20634.25,20792.5,20382,20767.75,1269635
1732057200,20766,20843.5,20477.25,20749,1456356
1732143600,20739.25,20907,20514,20829.5,1736337
1732230000,20804,20880.5,20693,20849.75,1453970
1732489200,20909,21081.25,20780.25,20880.25,1309260
1732575600,20910,21025,20755.25,20993.5,1285541
1732662000,20998.25,21019.25,20675,20813,1225084
1732748400,20814.75,21018,20805.75,20993.5,867549
1733094000,20994.5,21259.5,20939.75,21218,1109619
1733180400,21215,21328.75,21134.75,21281.5,1011669
1733266800,21321.25,21550,21305.5,21536.5,974144
1733353200,21511,21567.75,21437.25,21473.25,933007
1733439600,21449.25,21669.5,21424,21656.75,1012713
1733698800,21648.75,21706.5,21437,21483.75,1113455
1733785200,21480,21606.75,21352.75,21405.25,1207546
1733871600,21438.25,21819.75,21405.75,21793.5,1089929
1733958000,21756.75,21772.75,21602.25,21651.25,1144968
1734044400,21700.5,21908,21666.75,21795.75,1308826
1734303600,21785.25,22152.5,21762.25,22110.25,595879
1734390000,22410.5,22426.5,22244.25,22314.5,928301
1734476400,22306,22387.5,21310.25,21501.75,1325115
1734562800,21499,21698,21345,21379,1616702
1734649200,21429.75,21812.5,21007,21566.5,2091012
1734908400,21566.5,21777,21476,21753.25,1465658
1734994800,21738.75,22050,21708.5,22028.5,649417
1735167600,22050,22111,21870.5,22008,1055075
1735254000,21984,22008.75,21498.25,21698.5,1422687
1735513200,21710.75,21742.5,21252.75,21416.25,1395670
1735599600,21391.25,21524.75,21181.75,21226.5,1365775
1735772400,21273.25,21490.75,20983.25,21167.5,1983720
1735858800,21191.5,21559.25,21144.25,21516.5,1344599
1736118000,21532,21897,21478.75,21744.5,1503351
1736204400,21781,21806.25,21279.5,21359.75,1825034
1736290800,21386.25,21448.25,21166,21360.75,1849544
1736377200,21348.75,21348.75,21217.5,21301.75,271335
1736463600,21302,21372.5,20874.75,21016,2151541
1736722800,21027.5,21037,20693.5,20947.25,1909993
1736809200,21020,21143.75,20773.25,20919.5,1860331
1736895600,20975.75,21452.75,20908.75,21400.25,1498701
1736982000,21386.25,21566.75,21171.75,21249.75,1644378
1737068400,21225,21680,21208.75,21594.75,1502244
1737327600,21601,21785,21370.25,21709.5,2098591
1737500400,21800,22094,21769,22000.5,1191350
1737586800,21982.5,22051.25,21855.5,22038.25,1175719
1737673200,22018,22078,21843.25,21911.25,1276646
1737932400,21773.75,21774,20763.75,21258.5,2615280
1738018800,21340,21626,21160.75,21581.75,1826787
1738105200,21558,21697.25,21368,21523.25,1814342
1738191600,21555.75,21748.75,21419,21624.75,1810537
1738278000,21684,21965.75,21531.5,21589.25,1801814
1738537200,21280.25,21577.75,20940.25,21405,2309233
1738623600,21592.25,21694.75,21240.75,21670.25,1416308
1738710000,21566,21795.5,21429,21763,1329849
1738796400,21768,21882,21706,21871.75,1248013
1738882800,21819.75,21967.75,21553,21590.75,1574065
1739142000,21464.75,21893.75,21415,21846.5,1010477
1739228400,21832,21871.25,21669.5,21786.75,1130598
1739314800,21802,21862.75,21510,21804.75,1420479
1739401200,21865,22123.75,21752.75,22113.25,1453821
1739487600,22072.5,22224,22042.5,22196.25,1136303
1739746800,22238,22320,22103,22232.25,1457366
1739919600,22227,22299.75,22118,22250.5,1142227
1740006000,22215,22235,21950.75,22141.75,1322069
1740092400,22134.75,22245.75,21652.25,21679.25,1642695
1740351600,21700.75,21813,21407.25,21420.25,1742302
1740438000,21440.25,21453.25,20990.5,21149,2173177
1740524400,21225,21409.75,21064.75,21187,1776584
1740610800,21250.75,21386.5,20582.5,20605.75,2523525
1740697200,20649.5,20944.25,20460.25,20919.5,2443321
1740956400,21000,21120.75,20317.5,20468.25,2466816
1741042800,20525,20733,20075.75,20399,2654095
1741129200,20553.25,20725.5,20215,20665,2428217
1741215600,20608,20648.5,20002.75,20089.25,2419630
1741302000,20212,20286.75,19766,20229.75,2680823
1741557600,20149.5,20156,19271.75,19452.75,2620267
1741644000,19439,19687.5,19140,19399,3013257
1741730400,19412,19788.75,19387,19618.5,2397309
1741816800,19575,19693.75,19165.5,19249,2634742
1741903200,19310,19742.75,19298.25,19712,2064283
1742162400,19669.5,19959.25,19551,19831.75,1048466
1742248800,20038.75,20066.5,19604.25,19701.75,1383986
1742335200,19701.75,20142.25,19658.75,19951,1590623
1742421600,19954,20105,19734.5,19879.25,1802985
1742508000,19898.5,19977.75,19602.5,19961,1794449
1742767200,20052.25,20409.25,20048,20374.25,1318093
1742853600,20358.25,20524.75,20292,20488.5,1259017
1742940000,20513,20536.75,20041.25,20116.5,1605577
1743026400,20057.5,20199,19937.75,19990.25,1896875
1743112800,19998.25,20011.25,19360.75,19457,1935739
1743372000,19317.75,19489.5,18976.75,19439.5,2168015
1743458400,19413,19643.25,19261.25,19604.5,2252612
1743544800,19597.75,20045.25,19076.25,19758,2400894
1743631200,19023.5,19176.75,18614,18675.5,2510236
1743717600,18656.5,18713.25,17387,17539,3311896
1743976800,17126.25,18360.25,16452.5,17563.25,3528973
1744063200,17650.25,18357.25,16972,17243.75,2881700
1744149600,17226,19388,16735,19288.75,3070062
1744236000,19266,19384.5,17918.25,18484.5,2853022
1744322400,18470,18873.25,18071.75,18807.5,2490481
1744581600,19163.75,19255.75,18738.5,18934.75,2188676
1744668000,18903.75,19144.75,18809.75,18960.25,1816443
1744754400,18810,18861,18116.25,18385.25,2181766
1744840800,18381,18652,18261.25,18380.75,2036870
1745186400,18307.5,18384.75,17700,17922.25,1615106
1745272800,17912,18513.5,17863.75,18385,1878329
1745359200,18618.25,19165.75,18618.25,18804,2128078
1745445600,18832,19417,18595,19322,1892458
1745532000,19396.75,19590,19215.25,19535.25,1981276
1745791200,19524.5,19622.75,19257.75,19528,1697957
1745877600,19479.75,19692.5,19379.25,19642,1627189
1745964000,19595,19878.5,19102.25,19658.5,2018014
1746050400,19835,20125.25,19756,19870.75,1760765
1746136800,19781.75,20277,19748.25,20195.25,1643772
1746396000,20182,20200,19966.25,20055.5,1338258
1746482400,20009.75,20037.5,19738.25,19876.5,1641414
1746568800,19812.5,20136.25,19678.5,19961,1837733
1746655200,19935.5,20337.5,19910.25,20148,1776195
1746741600,20164,20290,20057.5,20136.75,1441680
1747000800,20373.75,20996,20373.75,20948.75,1767474
1747087200,20957.5,21347,20818.25,21278,1400696
1747173600,21248.25,21419.75,21237,21392.5,1427105
1747260000,21382,21529.75,21192.25,21400.25,1374211
1747346400,21397.25,21513,21320,21506,1131487
1747605600,21313.5,21545.5,21112.25,21527,1388899
1747692000,21516.75,21562.25,21298,21447.25,1222260
1747778400,21413.75,21558.5,21071.75,21156.75,1693851
1747864800,21147.5,21337.75,21039.25,21178.25,1447697
1747951200,21222,21236.25,20727.5,20975,1615131
1748210400,20978.75,21488.25,20955.25,21460.5,1550917
1748383200,21478.5,21564.75,21320,21379.75,1167446
1748469600,21518,21858.75,21301,21408.5,1695568
1748556000,21370.75,21433.25,21071.5,21376.75,1602046
1748815200,21304.5,21576.75,21163,21534.5,1185131
1748901600,21551.75,21759.75,21398.25,21706,1139570
1748988000,21685.75,21802.75,21641,21766.5,1122220
1749074400,21745.25,21936.25,21503.5,21582.25,1122220
1749160800,21487.5,21880,21471,21789.5,1218834
1749420000,21799.25,21892.5,21716.5,21821.5,989760
1749506400,21822,21992.25,21732,21962.5,1237939
1749592800,21950.75,22094,21790.25,21887.5,1525033
1749679200,21871,21977.5,21716.5,21932.5,1242122
1749765600,21911,21920,21470.5,21644.25,1677396
1750024800,21784,22224.5,21722,22168.25,716281
1750111200,22163.5,22177.5,21908,21956,1234778
1750197600,21937.5,22098.75,21862.75,21945.25,0
1750284000,21960.25,22130.75,21650.25,21844.75,2056763
1750629600,21648.25,22093,21562,22073.5,1569238
1750716000,22077.25,22447.75,22064.5,22412.75,1143081
1750802400,22410.75,22548.25,22385,22461,1038793
1750888800,22466,22692.75,22438,22669.25,1038793
1750975200,22676.5,22823.75,22600,22751.5,1223538
1751234400,22751.25,22934,22750,22893.25,1136495
1751320800,22866.75,22915,22593.75,22692.75,1297870
1751407200,22696.5,22858.75,22584.75,22843,1006562
1751493600,22846.75,23101.25,22827,23062.5,0
1751580000,22968.5,23027.25,22780.25,22884.75,1538854
1751925600,22840.25,22972,22809.5,22896.75,1091436
1752012000,22909,23111.25,22843.25,23052.75,1124401
1752098400,23043.25,23089.75,22901,23013.25,1043294
1752184800,23010.75,23048.75,22830.75,22959,1201512
1752444000,22864.5,23067.75,22802.25,23035.5,1016215
1752530400,23036.5,23222.75,22996.25,23056.75,1359771
1752616800,23018.75,23100,22835.75,23076.5,1385121
1752703200,23069.25,23281,23017,23251,1034301
1752789600,23260,23320.5,23170,23224.25,1037669
1753048800,23240,23425,23204.5,23342,950184
1753135200,23338,23367.75,23105,23226.25,1222714
1753221600,23190,23416.5,23142.5,23310.75,1246579
1753308000,23401,23425,23298.5,23377.5,1032714
1753394400,23391.25,23477,23330.25,23421.25,901587
1753653600,23516,23585,23437,23491.25,947135
1753740000,23505.25,23652.25,23422,23452,1132932
1753826400,23451.5,23688,23355,23480.5,1213505
1753912800,23698,23848,23286.5,23365,1745547
1753999200,23323.5,23347.5,22788.25,22883.75,1915717
1754258400,22850.5,23353.75,22822,23296.5,1216468
1754344800,23352.5,23404.25,23082,23132,1524897
1754431200,23092,23444.75,23045.25,23422.75,1355010
1754517600,23416.75,23671.25,23330,23496.25,1629043
1754604000,23519.5,23768.5,23503.25,23713.75,1107057
1754863200,23767.25,23804.5,23587,23637.5,1087690
1754949600,23632,23952.5,23596,23938,1181459
1755036000,23947.25,24069,23886,23946.5,1110148
1755122400,23930,24005.5,23793.25,23930.5,1186696
1755208800,23891.25,23962.75,23734.75,23804,1142014
1755468000,23795,23882,23718.75,23797.75,1008220
1755554400,23799,23839.75,23425.25,23469.5,1395287
1755640800,23456,23489,23035.25,23324,1754326
1755727200,23322,23369.5,23119.5,23219.75,1591730
1755813600,23228,23650,23074.25,23569.75,1526213
1756072800,23600,23616.75,23445,23498.25,1137735
1756159200,23510.25,23611,23371.25,23591.5,1261635
1756245600,23607.25,23685,23429,23628.75,1159053
1756332000,23543,23803.75,23486.75,23769,1362059
1756418400,23761,23762.75,23401.5,23461.75,0
1756677600,23478.5,23555.25,23025,23275,2078811
1756850400,23381.5,23526,23299.75,23448.75,1521114
1756936800,23456,23709,23410,23668,1290556
1757023200,23694,23902.5,23505,23684,1822583
1757282400,23676.5,23888,23650.5,23799.75,1252781
1757368800,23799.75,23918,23726.5,23874,1178914
1757455200,23900.25,24041,23785,23877.75,1327641
1757541600,23856.75,24048.75,23845,24017.75,1159813
1757628000,24028,24159,23968.75,24113.25,1030823
1757887200,24112.25,24315.75,24075.5,24309.25,513118
1757973600,24536,24646.75,24499,24522.25,766212
1758060000,24531,24553,24241.75,24465.25,1323524
1758146400,24504,24815.75,24492.5,24705.5,1257187
1758232800,24715,24888,24655,24866.25,1121790
1758492000,24851.5,25027.25,24748.5,25003,1050833
1758578400,24999.75,25026.25,24779.25,24827.25,1258663
1758664800,24839.75,24913.25,24628,24739.25,1262698
1758751200,24747,24792.5,24422,24629.25,1797039
1758837600,24640,24747.25,24520,24726.75,1562392
1759096800,24727.25,24975,24723.75,24837.75,1275661
1759183200,24812,24913.75,24722.5,24901.75,1464289
1759269600,24844.5,25037,24633.75,25017.5,1343193
1759356000,25009.5,25180,24993.75,25110,1279352
1759442400,25105,25197,24923,24992,1388150
1759701600,24994,25253,24994,25184.75,1125795
1759788000,25184,25274.75,24985.25,25039.25,1492282
1759874400,25055,25364.75,25026.25,25331,1147206
1759960800,25354.5,25393,25160.75,25289.25,1399246
1760047200,25284.75,25388,24157.75,24397,2417422
1760306400,24482,24965,24482,24922.25,2417422
1760392800,24905,25044.5,24423.25,24762.5,2344010
1760479200,24752.5,25117.75,24663.5,24924.5,2123740
1760565600,24939,25179.75,24643.25,24831.25,2575757
1760652000,24793.75,25054.25,24410.25,24986.5,2575701
1760911200,25067,25355,24956,25305.25,1327737
1760997600,25326.25,25368,25203,25294.75,1379441
1761084000,25277,25338.5,24805.25,25039.25,2087106
1761170400,25014.75,25295,24933.25,25254,1546949
1761256800,25285,25569,25275.5,25509.25,1227416
1761516000,25698.5,26026,25698.5,25963.75,980676
1761602400,26002.5,26232,25942.25,26163.5,1147214
1761688800,26180.25,26378.5,26047.5,26262.5,1667881
1761775200,26160.5,26399.5,25853,25882.75,2111173
1761861600,26156,26273,25887.75,26004,1778075
1762124400,26026,26265.75,26012.5,26103.25,1425204
1762210800,26105.5,26105.5,25517,25575.25,2019607
1762297200,25545,25878.5,25282.75,25746.25,1765749
1762383600,25732,25823.75,25197.25,25244.25,2273397
1762470000,25311,25354.75,24709,25166.25,2570614
1762729200,25319.75,25760,25268.75,25714.5,1760959
1762815600,25721,25768.75,25478.5,25640.75,1584949
1762902000,25676.5,25830.5,25488.75,25623.75,1747671
1762988400,25626.25,25721.75,25002,25094.75,2598189
1763074800,25100,25293.5,24626,25094,2708210
1763334000,25144,25362,24732,24879,2602375
1763420400,24904.75,24959.75,24380,24595.75,3083683
1763506800,24547,24988,24446.5,24721.75,2874160
1763593200,24968.75,25310,24131.5,24131.5,2730809
1763679600,24096.75,24596.5,23904,24305.5,2949003
1763938800,24449.75,24993.25,24361.25,24948.25,1913851
1764025200,24973.25,25135.75,24602,25085.5,2107568
1764111600,25070,25375.5,25061.75,25302.25,1666472
1764198000,25316.75,25500.25,25285.75,25482,578323
1764543600,25484,25542.25,25193.5,25391.25,1823784
1764630000,25422.75,25670,25324,25606,1829989
1764716400,25613.5,25685.75,25420.75,25657.5,1571511
1764802800,25649.75,25732.5,25487,25622.75,1614386
1764889200,25631,25867.75,25579,25732,1534182
1765148400,25748.5,25860.75,25563.75,25664,1391778
1765234800,25713,25738.5,25560,25699.75,1201427
1765321200,25681,25869.75,25528.25,25798,1702452
1765407600,25777.75,25862.5,25382,25713.5,1951454
1765494000,25719.5,25733.75,25117.75,25213.5,2196739
1765753200,25214.5,25410,25034.5,25093.25,916589
1765839600,25356,25444,25073.75,25380.25,1713149
1765926000,25333,25508,24887.75,24898.75,1815939
1766012400,24980,25417,24901.25,25261.75,1888275
1766098800,25237.5,25601,25209,25574.75,1365859
1766358000,25635,25795,25629.5,25692.25,1049079
1766444400,25701.25,25822.25,25608.5,25812.25,901913
1766530800,25812,25892.25,25777.5,25880.5,425607
1766703600,25870,25935,25834.25,25863.25,656010
1766962800,25869,25893.5,25647.75,25739.75,1110632
1767049200,25747.5,25794,25668.25,25675.25,899902
1767135600,25678.25,25718.25,25426.5,25456.75,1010770
1767308400,25460,25803.5,25265.25,25385.25,1683007
1767567600,25430,25708,25406,25577.75,1366657
1767654000,25581,25837.75,25527,25822,1369044
1767740400,25834.5,25998,25727,25838.75,1384630
1767826800,25839.25,25850.25,25569.5,25687.5,1641094
1767913200,25720.5,25986,25615.75,25938.25,1603394
1768172400,25946.5,26020.5,25632.75,25956.75,1367059
1768258800,25948,26046.25,25803.25,25906,1820023
1768345200,25900,25926,25421.25,25631,2143334
1768431600,25597.25,25954.25,25562.5,25705.75,1813787
1768518000,25720,25891.25,25590.25,25689,1531448
1768777200,25556,25559,25095.25,25129.25,3184431
1768950000,25147,25653.25,25026,25471,2702002
1769036400,25529,25739.75,25483.25,25658.25,1737345
1769122800,25609.75,25845.5,25540,25738.25,1714161
1769382000,25590.25,25932.75,25399.5,25848.5,1519899
1769468400,25857.25,26119,25839.75,26073,1274636
1769554800,26112,26349,25996.25,26156.25,1659482
1769641200,26278,26294.5,25536,25999.25,2448955
1769727600,25994.5,26019,25568.75,25670,2636811
1769986800,25530,25949,25180.25,25850,2006621
1770073200,25873.25,26027.75,25218,25452,2612137
1770159600,25390.25,25514.5,24784,24999.25,2640891
1770246000,25067.25,25169.25,24407,24651,2643618
1770332400,24410,25221.5,24240.5,25163.25,2139926
1770591600,25150.25,25429,24955.5,25354,1672804
1770678000,25361.25,25447,25197.5,25218.25,1927991
1770764400,25254,25465.5,25058,25288.5,2197224
1770850800,25281.75,25420,24721.5,24768,2462115
1770937200,24838.75,24995.5,24578.75,24803.25,2524741
1771196400,24789.25,24922.25,24449.25,24767.75,3058438
1771369200,24786,25128.5,24702,24956,1828804
1771455600,24940.25,25054.25,24748,24858.75,2096712
1771542000,24844,25139.75,24677,25067.5,2194523
1771801200,25036,25059.25,24667.75,24762.75,1987399
1771887600,24787,25080.75,24694,25028.75,1786191
1771974000,25020.5,25495,24992.25,25382,1417789
1772060400,25398.75,25418.5,25264.75,25307.75,135258